player,master_elo,elite_status,primary_position,position_name,is_goalkeeper,position_games,total_actions,momentum_factor,saves,penalty_saves,goals_against,save_percentage
Anders Kragh MARTINUSEN,2664.3,LEGENDARY,MV,Målvogter,False,1236,3202,1.002,0,0,0,0.0
Peter BALLING,2413.8,LEGENDARY,HF,Højre fløj,False,1417,2985,1.005,0,0,0,0.0
Emil BERGHOLT,2313.3,LEGENDARY,MV,Målvogter,False,1294,1400,1.003,0,0,0,0.0
William AAR,2303.2,LEGENDARY,MV,Målvogter,False,1295,1394,1.001,0,0,0,0.0
Eivind TANGEN,2300.9,LEGENDARY,HF,Højre fløj,False,1374,2995,1.0,0,0,0,0.0
Sebastian SKUBE,2298.2,LEGENDARY,MV,Målvogter,False,1109,1444,1.002,0,0,0,0.0
Nikolaj Øris NIELSEN,2242.4,LEGENDARY,HF,Højre fløj,False,1005,2306,1.004,0,0,0,0.0
Nikolaj LÆSØ,2216.0,LEGENDARY,HF,Højre fløj,False,994,2151,1.002,0,0,0,0.0
Noah GAUDIN,2206.0,LEGENDARY,HF,Højre fløj,False,1066,2270,1.001,0,0,0,0.0
Morten BALLING,2199.8,LEGENDARY,HF,Højre fløj,False,1224,1895,1.002,0,0,0,0.0
Jacob LASSEN,2191.4,LEGENDARY,HF,Højre fløj,False,1193,1956,1.001,0,0,0,0.0
Kristian STOKLUND,2174.8,LEGENDARY,HF,Højre fløj,False,1032,1841,1.003,0,0,0,0.0
Mathias JØRGENSEN,2169.1,LEGENDARY,HF,Højre fløj,False,1563,1662,1.002,0,0,0,0.0
Morten Hempel JENSEN,2163.2,LEGENDARY,HF,Højre fløj,False,926,1844,1.003,0,0,0,0.0
Marcus DAHLIN,2160.9,LEGENDARY,HF,Højre fløj,False,780,1910,1.003,0,0,0,0.0
Thomas ARNOLDSEN,2159.9,LEGENDARY,HF,Højre fløj,False,1112,1835,1.004,0,0,0,0.0
Magnus BRAMMING,2151.0,LEGENDARY,HF,Højre fløj,False,955,1549,1.003,0,0,0,0.0
Nikolaj MARKUSSEN,2145.2,LEGENDARY,HF,Højre fløj,False,732,1993,0.999,0,0,0,0.0
Mads Kjeldgaard ANDERSEN,2133.7,LEGENDARY,HF,Højre fløj,False,1008,1757,1.002,0,0,0,0.0
Aaron MENSING,2125.7,LEGENDARY,HF,Højre fløj,False,635,1744,1.001,0,0,0,0.0
Lasse MIKKELSEN,2124.2,LEGENDARY,HF,Højre fløj,False,854,1539,1.002,0,0,0,0.0
Bjarke CHRISTENSEN,2119.3,LEGENDARY,HF,Højre fløj,False,839,1336,1.001,0,0,0,0.0
Jesper KONRADSSON,2118.7,LEGENDARY,HF,Højre fløj,False,1186,1994,1.002,0,0,0,0.0
Erik Thorsteinsen TOFT,2114.3,LEGENDARY,HF,Højre fløj,False,635,1835,1.001,0,0,0,0.0
Felix CLAAR,2106.7,LEGENDARY,HF,Højre fløj,False,970,1677,1.001,0,0,0,0.0
Torben PETERSEN,2090.6,ELITE,HF,Højre fløj,False,693,1582,1.004,0,0,0,0.0
Frederik TILSTED,2082.4,ELITE,HF,Højre fløj,False,999,1709,1.002,0,0,0,0.0
Johan MEKLENBORG,2076.8,ELITE,HF,Højre fløj,False,678,1442,1.006,0,0,0,0.0
Nichlas HALD,2072.6,ELITE,HF,Højre fløj,False,838,1728,1.001,0,0,0,0.0
Lukas SANDELL,2057.6,ELITE,HF,Højre fløj,False,968,1612,1.002,0,0,0,0.0
Carl-Emil HAUNSTRUP,2053.7,ELITE,HF,Højre fløj,False,1115,1139,1.005,0,0,0,0.0
Morten OLSEN,2052.2,ELITE,HF,Højre fløj,False,966,1858,1.002,0,0,0,0.0
Sebastian BARTHOLD,2047.8,ELITE,HF,Højre fløj,False,739,1279,1.004,0,0,0,0.0
Magnus SAUGSTRUP,2035.2,ELITE,MV,Målvogter,False,547,703,1.005,0,0,0,0.0
Nicolaj JØRGENSEN,2031.5,ELITE,HF,Højre fløj,False,754,1318,1.004,0,0,0,0.0
Nicolai PEDERSEN,2020.6,ELITE,HF,Højre fløj,False,714,1502,1.003,0,0,0,0.0
Marcus MØRK,2014.8,ELITE,HF,Højre fløj,False,703,1628,1.002,0,0,0,0.0
Mark NIKOLAJSEN,1995.4,ELITE,HF,Højre fløj,False,676,1467,1.004,0,0,0,0.0
Emil MADSEN,1960.7,ELITE,HF,Højre fløj,False,811,1270,1.0,0,0,0,0.0
Jesper KOKHOLM,1960.6,ELITE,HF,Højre fløj,False,1105,1158,1.004,0,0,0,0.0
Martin BISGAARD,1958.4,ELITE,HF,Højre fløj,False,555,1127,1.002,0,0,0,0.0
Andreas LANG,1953.6,ELITE,HF,Højre fløj,False,846,1398,1.004,0,0,0,0.0
Lasse Kjær MØLLER,1949.1,ELITE,HF,Højre fløj,False,581,1255,1.004,0,0,0,0.0
Jonas Gade NIELSEN,1947.7,ELITE,HF,Højre fløj,False,810,1406,1.001,0,0,0,0.0
Simon PYTLICK,1935.6,ELITE,HF,Højre fløj,False,840,1448,1.006,0,0,0,0.0
Lasse PEDERSEN,1934.7,ELITE,HF,Højre fløj,False,1075,1158,1.004,0,0,0,0.0
Henrik MØLLGAARD,1931.7,ELITE,HF,Højre fløj,False,897,1486,0.998,0,0,0,0.0
Nicolaj NØRAGER,1917.6,ELITE,HF,Højre fløj,False,712,1203,1.001,0,0,0,0.0
Mads Svane KNUDSEN,1917.3,ELITE,HF,Højre fløj,False,771,1279,1.003,0,0,0,0.0
Buster JUUL,1904.0,ELITE,HF,Højre fløj,False,747,1007,1.003,0,0,0,0.0
Miha ZVIZEJ,1900.4,ELITE,ST,Streg,False,714,1342,1.001,0,0,0,0.0
René RASMUSSEN,1899.6,ELITE,HF,Højre fløj,False,977,1050,1.003,0,0,0,0.0
Jonas LARHOLM,1896.8,ELITE,HF,Højre fløj,False,592,1195,1.001,0,0,0,0.0
Emil LÆRKE,1892.2,ELITE,HF,Højre fløj,False,487,1245,1.008,0,0,0,0.0
Elvar ASGEIRSSON,1891.6,ELITE,HF,Højre fløj,False,719,1172,1.003,0,0,0,0.0
Thomas BOILESEN,1876.6,ELITE,HF,Højre fløj,False,675,1186,1.003,0,0,0,0.0
Oliver NORLYK,1876.4,ELITE,HF,Højre fløj,False,623,1223,1.005,0,0,0,0.0
Lars SKAARUP,1866.8,ELITE,HF,Højre fløj,False,507,1046,1.004,0,0,0,0.0
Marcus MIDTGAARD,1865.2,ELITE,HF,Højre fløj,False,865,1140,1.004,0,0,0,0.0
Jonatan MOLLERUP,1863.6,ELITE,HF,Højre fløj,False,716,1258,0.999,0,0,0,0.0
Jesper DAHL,1858.0,ELITE,HF,Højre fløj,False,732,1281,1.001,0,0,0,0.0
William BOGOJEVIC,1852.7,ELITE,HF,Højre fløj,False,643,1208,1.004,0,0,0,0.0
Martin LARSEN,1850.7,ELITE,HF,Højre fløj,False,640,1229,1.002,0,0,0,0.0
Christoffer BONDE,1848.1,ELITE,MV,Målvogter,False,730,730,1.01,0,0,0,0.0
Matias CAMPBELL,1844.4,ELITE,HF,Højre fløj,False,539,946,1.005,0,0,0,0.0
Jonas PORUP,1840.1,ELITE,HF,Højre fløj,False,1048,1562,1.001,0,0,0,0.0
Mathias BITSCH,1839.7,ELITE,PL,Playmaker,False,400,1103,1.001,0,0,0,0.0
Mads Hoxer HANGAARD,1838.4,ELITE,HF,Højre fløj,False,468,978,1.003,0,0,0,0.0
Christoffer DREYER,1829.7,ELITE,HF,Højre fløj,False,640,924,0.999,0,0,0,0.0
Jeppe Gade NIELSEN,1828.7,ELITE,HF,Højre fløj,False,450,782,1.005,0,0,0,0.0
Sander ØVERJORDET,1826.6,ELITE,HF,Højre fløj,False,574,1117,1.0,0,0,0,0.0
Emil JAKOBSEN,1826.3,ELITE,HF,Højre fløj,False,528,889,1.002,0,0,0,0.0
Runar KARASON,1821.6,ELITE,HF,Højre fløj,False,446,1028,1.004,0,0,0,0.0
Jeppe CIESLAK,1821.1,ELITE,HF,Højre fløj,False,454,748,1.005,0,0,0,0.0
Thomas DAMGAARD,1819.8,ELITE,HF,Højre fløj,False,586,928,1.006,0,0,0,0.0
Mathias GIDSEL,1808.7,ELITE,HF,Højre fløj,False,773,1008,1.002,0,0,0,0.0
Alfred JÖNSSON,1794.8,ELITE,HF,Højre fløj,False,406,894,1.003,0,0,0,0.0
Rasmus PORUP,1790.6,ELITE,HF,Højre fløj,False,359,938,1.005,0,0,0,0.0
Jonas LANGERHUUS,1789.5,ELITE,HF,Højre fløj,False,739,1190,1.0,0,0,0,0.0
Tobias NIELSEN,1786.8,ELITE,HF,Højre fløj,False,676,693,1.003,0,0,0,0.0
Lasse UTH,1784.8,ELITE,HF,Højre fløj,False,451,862,1.006,0,0,0,0.0
Andreas FLODMAN,1779.3,ELITE,HF,Højre fløj,False,735,779,1.002,0,0,0,0.0
Nikolaj LARSSON,1777.8,ELITE,MV,Målvogter,False,294,542,1.006,0,0,0,0.0
Cornelius KRAGH,1775.6,ELITE,HF,Højre fløj,False,488,989,1.001,0,0,0,0.0
Allan DAMGAARD,1766.1,ELITE,HF,Højre fløj,False,672,899,0.999,0,0,0,0.0
Jakob RASMUSSEN,1764.3,ELITE,HF,Højre fløj,False,483,905,1.003,0,0,0,0.0
Tobias MØLLER,1764.2,ELITE,HF,Højre fløj,False,449,693,1.002,0,0,0,0.0
Rasmus MADSEN,1764.0,ELITE,MV,Målvogter,False,369,615,1.006,0,0,0,0.0
Henrik TILSTED,1758.4,ELITE,HF,Højre fløj,False,409,693,1.002,0,0,0,0.0
Kasper YOUNG,1757.7,ELITE,HF,Højre fløj,False,648,710,1.003,0,0,0,0.0
Benjamin HALLGREN,1756.3,ELITE,HF,Højre fløj,False,579,865,1.003,0,0,0,0.0
Sebastian HENNEBERG,1753.9,ELITE,HF,Højre fløj,False,402,887,1.004,0,0,0,0.0
Aron PALMARSSON,1753.2,ELITE,HF,Højre fløj,False,336,774,1.005,0,0,0,0.0
Jerry TOLLBRING,1751.5,ELITE,HF,Højre fløj,False,458,717,1.002,0,0,0,0.0
Ludvig HALLBÄCK,1742.5,ELITE,HF,Højre fløj,False,469,830,1.001,0,0,0,0.0
Kristian STRANDEN,1740.7,ELITE,HF,Højre fløj,False,424,975,1.002,0,0,0,0.0
Kristian OLSEN,1739.8,ELITE,HF,Højre fløj,False,345,801,1.002,0,0,0,0.0
Mark STRANDGAARD,1736.7,ELITE,HF,Højre fløj,False,647,688,1.003,0,0,0,0.0
Andreas SØGAARD,1730.3,ELITE,ST,Streg,False,389,752,1.004,0,0,0,0.0
Niclas Vest KIRKELØKKE,1726.7,ELITE,HF,Højre fløj,False,374,752,1.003,0,0,0,0.0
Benjamin PEDERSEN,1726.5,ELITE,ST,Streg,False,468,772,1.003,0,0,0,0.0
Kasper SØNDERGAARD,1724.0,ELITE,HF,Højre fløj,False,308,662,1.001,0,0,0,0.0
Jonas SAMUELSSON,1723.4,ELITE,HF,Højre fløj,False,672,740,1.003,0,0,0,0.0
Nicolaj SPANGGAARD,1723.3,ELITE,HF,Højre fløj,False,560,958,1.003,0,0,0,0.0
Alexander LYNGGAARD,1721.7,ELITE,HF,Højre fløj,False,591,1070,1.0,0,0,0,0.0
August WIGER,1721.4,ELITE,HF,Højre fløj,False,392,712,1.003,0,0,0,0.0
Chris Holm JØRGENSEN,1717.8,ELITE,HF,Højre fløj,False,384,811,1.003,0,0,0,0.0
Janus SMARÁSON,1717.5,ELITE,HF,Højre fløj,False,427,813,1.001,0,0,0,0.0
Lauritz LEGÉR,1716.0,ELITE,HF,Højre fløj,False,654,976,1.005,0,0,0,0.0
Kristoffer VESTERGAARD,1715.7,ELITE,HF,Højre fløj,False,418,794,1.004,0,0,0,0.0
Kristian BONEFELD,1715.6,ELITE,HF,Højre fløj,False,842,1075,1.001,0,0,0,0.0
Mads HOXER,1715.0,ELITE,HF,Højre fløj,False,394,732,1.003,0,0,0,0.0
Magnus HAUBRO,1714.7,ELITE,HF,Højre fløj,False,486,732,1.003,0,0,0,0.0
Nikolaj ENDERLEIT,1714.5,ELITE,HF,Højre fløj,False,516,910,1.0,0,0,0,0.0
Omar Ingi MAGNUSSON,1714.1,ELITE,HF,Højre fløj,False,436,821,1.002,0,0,0,0.0
Cornelius Kragh AASTRUP,1713.4,ELITE,HF,Højre fløj,False,339,874,1.003,0,0,0,0.0
Kasper KISUM,1710.8,ELITE,HF,Højre fløj,False,424,906,1.002,0,0,0,0.0
Sebastian FRANDSEN,1709.6,ELITE,MV,Målvogter,False,524,524,1.032,0,0,0,0.0
Bjarte MYRHOL,1706.8,ELITE,ST,Streg,False,407,811,1.004,0,0,0,0.0
Tobias JØRGENSEN,1706.3,ELITE,HF,Højre fløj,False,569,905,1.003,0,0,0,0.0
Thomas MOGENSEN,1703.2,ELITE,HF,Højre fløj,False,521,865,1.0,0,0,0,0.0
Tobias ELLEBÆK,1701.0,ELITE,HF,Højre fløj,False,342,786,1.0,0,0,0,0.0
Anders EGGERT,1700.3,ELITE,HF,Højre fløj,False,374,565,1.01,0,0,0,0.0
Andreas Holst JENSEN,1698.9,NORMAL,HF,Højre fløj,False,271,779,1.003,0,0,0,0.0
Lukas KARLSSON,1692.9,NORMAL,PL,Playmaker,False,255,672,1.004,0,0,0,0.0
Kristian BJØRNSEN,1688.7,NORMAL,HF,Højre fløj,False,590,627,1.004,0,0,0,0.0
Frederik BJERRE,1687.9,NORMAL,HF,Højre fløj,False,339,564,1.009,0,0,0,0.0
Fredrik OLSSON,1686.7,NORMAL,HF,Højre fløj,False,348,643,1.006,0,0,0,0.0
Kasper Irming ANDERSEN,1681.6,NORMAL,HF,Højre fløj,False,307,753,1.006,0,0,0,0.0
Joaquim NAZARÉ,1681.5,NORMAL,HF,Højre fløj,False,479,799,1.007,0,0,0,0.0
Christoffer CICHOSZ,1677.5,NORMAL,HF,Højre fløj,False,427,856,0.999,0,0,0,0.0
Jon ANDERSEN,1668.4,NORMAL,HF,Højre fløj,False,483,852,1.006,0,0,0,0.0
Johan HANSEN,1666.0,NORMAL,HF,Højre fløj,False,499,510,1.006,0,0,0,0.0
Reinier TABOADA,1663.3,NORMAL,HF,Højre fløj,False,512,775,1.003,0,0,0,0.0
Senjamin BURIC,1663.1,NORMAL,ST,Streg,False,442,782,1.002,0,0,0,0.0
Mattias THYNELL,1653.9,NORMAL,HF,Højre fløj,False,271,695,1.008,0,0,0,0.0
Rasmus LAUGE,1652.9,NORMAL,HF,Højre fløj,False,394,659,1.004,0,0,0,0.0
Thomas Bohl DAMGAARD,1643.1,NORMAL,HF,Højre fløj,False,401,682,1.003,0,0,0,0.0
Jorn SMITS,1643.1,NORMAL,HF,Højre fløj,False,478,682,1.006,0,0,0,0.0
Morten BJØRNSHAUGE,1640.7,NORMAL,ST,Streg,False,513,980,0.999,0,0,0,0.0
Jens PESCHARDT,1640.2,NORMAL,HF,Højre fløj,False,419,716,1.002,0,0,0,0.0
Andreas VÆVER,1637.9,NORMAL,HF,Højre fløj,False,290,541,1.007,0,0,0,0.0
Morten JØRGENSEN,1636.5,NORMAL,HF,Højre fløj,False,294,547,1.008,0,0,0,0.0
Gustav BRUUN,1633.8,NORMAL,HF,Højre fløj,False,430,560,1.004,0,0,0,0.0
Aksel HORGEN,1631.9,NORMAL,HF,Højre fløj,False,496,541,1.009,0,0,0,0.0
Lukas JØRGENSEN,1631.3,NORMAL,HF,Højre fløj,False,360,657,1.003,0,0,0,0.0
Simon GADE,1629.4,NORMAL,MV,Målvogter,False,462,462,1.008,0,0,0,0.0
Nicolai NYGAARD,1624.9,NORMAL,HF,Højre fløj,False,312,637,1.007,0,0,0,0.0
Mads Thymann HANSEN,1623.5,NORMAL,HF,Højre fløj,False,343,762,1.004,0,0,0,0.0
Oliver Nøddesbo EGGERT,1623.1,NORMAL,HF,Højre fløj,False,317,700,1.003,0,0,0,0.0
Josef PUJOL,1614.4,NORMAL,MV,Målvogter,False,248,382,1.011,0,0,0,0.0
Mikkel Kjær MØLLER,1611.5,NORMAL,HF,Højre fløj,False,296,533,1.005,0,0,0,0.0
Mikkel HANSEN,1606.0,NORMAL,HF,Højre fløj,False,312,568,1.008,0,0,0,0.0
Tobias GRØNDAHL,1601.8,NORMAL,HF,Højre fløj,False,403,563,1.001,0,0,0,0.0
Viktor ÖSTLUND,1601.7,NORMAL,HF,Højre fløj,False,263,604,1.005,0,0,0,0.0
Martin Risom CHRISTENSEN,1600.6,NORMAL,HF,Højre fløj,False,372,594,1.001,0,0,0,0.0
Frederik LADEFOGED,1598.6,NORMAL,HF,Højre fløj,False,416,787,1.004,0,0,0,0.0
Frederik IVERSEN,1598.3,NORMAL,VF,Venstre fløj,False,310,482,1.01,0,0,0,0.0
Chris JØRGENSEN,1596.8,NORMAL,HF,Højre fløj,False,345,695,1.014,0,0,0,0.0
Svend RUGHAVE,1595.7,NORMAL,MV,Målvogter,False,414,414,1.001,0,0,0,0.0
Odinn RIKHARDSSON,1595.0,NORMAL,HF,Højre fløj,False,434,464,1.005,0,0,0,0.0
Oskar Vind RASMUSSEN,1592.4,NORMAL,HF,Højre fløj,False,478,489,1.004,0,0,0,0.0
Jakob MIKKELSEN,1592.3,NORMAL,HF,Højre fløj,False,341,623,1.001,0,0,0,0.0
Jørgen RASMUSSEN,1590.1,NORMAL,HF,Højre fløj,False,201,421,1.006,0,0,0,0.0
Christian JENSEN,1589.9,NORMAL,HF,Højre fløj,False,421,448,1.01,0,0,0,0.0
Andreas HAAGEN,1589.3,NORMAL,MV,Målvogter,False,324,324,1.004,0,0,0,0.0
Kristian Stoklund LARSEN,1583.8,NORMAL,HF,Højre fløj,False,213,492,1.009,0,0,0,0.0
Hákun West Av TEIGUM,1575.9,NORMAL,HF,Højre fløj,False,410,419,1.005,0,0,0,0.0
Jacob HOLM,1574.7,NORMAL,HF,Højre fløj,False,223,476,1.004,0,0,0,0.0
Rune Hoyer SCHRØDER,1573.6,NORMAL,HF,Højre fløj,False,220,548,1.0,0,0,0,0.0
Patrick BOLDSEN,1570.1,NORMAL,HF,Højre fløj,False,411,419,1.004,0,0,0,0.0
Anders ZACHARIASSEN,1567.4,NORMAL,HF,Højre fløj,False,355,622,1.009,0,0,0,0.0
Henrik JAKOBSEN,1565.1,NORMAL,HF,Højre fløj,False,381,723,1.002,0,0,0,0.0
Lars MOUSING,1564.4,NORMAL,ST,Streg,False,312,624,1.006,0,0,0,0.0
Kasper KVIST,1563.3,NORMAL,HF,Højre fløj,False,245,471,1.005,0,0,0,0.0
Simon BIRKEFELDT,1563.3,NORMAL,HF,Højre fløj,False,502,683,1.002,0,0,0,0.0
Philip STENMALM,1562.5,NORMAL,HF,Højre fløj,False,185,461,1.007,0,0,0,0.0
Kasper LARSEN,1562.4,NORMAL,MV,Målvogter,False,441,441,0.998,0,0,0,0.0
Emil TELLERUP,1560.1,NORMAL,MV,Målvogter,False,474,474,0.999,0,0,0,0.0
Kay SMITS,1551.5,NORMAL,HF,Højre fløj,False,301,478,1.004,0,0,0,0.0
Kasper Emil KILDELUND,1544.7,NORMAL,HF,Højre fløj,False,472,493,1.004,0,0,0,0.0
Rene ANTONSEN,1544.4,NORMAL,HF,Højre fløj,False,367,671,1.006,0,0,0,0.0
Salah BOUTAF,1543.7,NORMAL,MV,Målvogter,False,448,448,1.009,0,0,0,0.0
Edwin ASPENBÄCK,1543.6,NORMAL,HF,Højre fløj,False,403,488,1.009,0,0,0,0.0
Christian HOLM,1543.4,NORMAL,HF,Højre fløj,False,386,550,1.0,0,0,0,0.0
Jonathan WÜRTZ,1543.1,NORMAL,HF,Højre fløj,False,395,672,1.004,0,0,0,0.0
Mads THYMANN,1543.0,NORMAL,HF,Højre fløj,False,361,691,1.001,0,0,0,0.0
Bo SPELLERBERG,1542.3,NORMAL,HF,Højre fløj,False,139,441,1.003,0,0,0,0.0
Jakob FREDERIKSEN,1541.7,NORMAL,HF,Højre fløj,False,319,384,1.005,0,0,0,0.0
Jeppe GADE,1541.4,NORMAL,PL,Playmaker,False,204,453,1.008,0,0,0,0.0
Aleks VLAH,1541.3,NORMAL,HF,Højre fløj,False,359,554,1.005,0,0,0,0.0
Josip CAVAR,1541.1,NORMAL,MV,Målvogter,False,410,410,1.007,0,0,0,0.0
Hjalte LYKKE,1539.0,NORMAL,HF,Højre fløj,False,318,419,1.002,0,0,0,0.0
Mikkel LØVKVIST,1539.0,NORMAL,MV,Målvogter,False,321,321,1.014,0,0,0,0.0
Mads PETER-LØNBORG,1538.3,NORMAL,HF,Højre fløj,False,365,510,1.004,0,0,0,0.0
Lukas NILSSON,1537.7,NORMAL,HF,Højre fløj,False,249,492,1.002,0,0,0,0.0
Nikolaj NIELSEN,1535.5,NORMAL,HF,Højre fløj,False,311,606,1.004,0,0,0,0.0
Oliver WOSNIAK,1532.3,NORMAL,HF,Højre fløj,False,182,559,1.002,0,0,0,0.0
Emil GRØNBECH,1532.1,NORMAL,HF,Højre fløj,False,282,528,1.004,0,0,0,0.0
Elvar Örn JÓNSSON,1529.0,NORMAL,HF,Højre fløj,False,202,497,1.008,0,0,0,0.0
Olafur GUSTAFSSON,1527.2,NORMAL,MV,Målvogter,False,195,411,1.0,0,0,0,0.0
Jac KARLSSON,1526.4,NORMAL,HF,Højre fløj,False,212,412,1.004,0,0,0,0.0
Ágúst Eli BJÖRGVINSSON,1525.7,NORMAL,MV,Målvogter,False,296,296,1.013,0,0,0,0.0
Simen PETTERSEN,1525.5,NORMAL,HF,Højre fløj,False,259,578,1.002,0,0,0,0.0
Akutaaneq KREUTZMANN,1524.9,NORMAL,HF,Højre fløj,False,213,481,1.005,0,0,0,0.0
Kevin GULLIKSEN,1524.3,NORMAL,HF,Højre fløj,False,389,403,1.003,0,0,0,0.0
Jesper NØDDESBO,1521.9,NORMAL,HF,Højre fløj,False,259,533,1.007,0,0,0,0.0
Mads Øris NIELSEN,1520.1,NORMAL,PL,Playmaker,False,156,468,1.005,0,0,0,0.0
Markus OLSSON,1519.7,NORMAL,HF,Højre fløj,False,135,391,1.012,0,0,0,0.0
Morten NYBERG,1519.1,NORMAL,HF,Højre fløj,False,218,519,1.012,0,0,0,0.0
Nicolai COLUNGA,1518.6,NORMAL,HF,Højre fløj,False,430,547,1.005,0,0,0,0.0
Mads CHRISTIANSEN,1518.2,NORMAL,HF,Højre fløj,False,271,477,1.004,0,0,0,0.0
Jacob HESSELLUND,1515.2,NORMAL,HF,Højre fløj,False,242,428,1.004,0,0,0,0.0
Rasmus Meyer EJLERSEN,1511.5,NORMAL,HF,Højre fløj,False,314,577,1.008,0,0,0,0.0
Sebastian AUGUSTINUSSEN,1511.2,NORMAL,HF,Højre fløj,False,487,517,1.007,0,0,0,0.0
Michael KNUDSEN,1510.9,NORMAL,ST,Streg,False,297,538,1.003,0,0,0,0.0
Johan SJÖSTRAND,1510.1,NORMAL,MV,Målvogter,False,272,272,1.008,0,0,0,0.0
Anton BRAMMING,1509.9,NORMAL,HF,Højre fløj,False,209,365,1.004,0,0,0,0.0
Mike HAACK,1508.8,NORMAL,HF,Højre fløj,False,377,412,1.004,0,0,0,0.0
Viktor NEVERS,1502.0,NORMAL,HF,Højre fløj,False,368,382,1.009,0,0,0,0.0
Emil JESSEN,1496.1,NORMAL,HF,Højre fløj,False,197,470,1.003,0,0,0,0.0
Alexander MORSTEN,1492.3,NORMAL,HF,Højre fløj,False,370,680,1.003,0,0,0,0.0
Emil Wernsdorf MADSEN,1490.7,NORMAL,HF,Højre fløj,False,257,440,1.003,0,0,0,0.0
Gunnar STEINN JÓNSSON,1489.0,NORMAL,HF,Højre fløj,False,269,486,1.006,0,0,0,0.0
Oscar BERGENDAHL,1488.8,NORMAL,HF,Højre fløj,False,312,575,1.004,0,0,0,0.0
Victor NORLYK,1488.0,NORMAL,HF,Højre fløj,False,267,449,1.005,0,0,0,0.0
Mikkel LANG,1487.5,NORMAL,HF,Højre fløj,False,357,366,1.006,0,0,0,0.0
Niels LINDHOLT,1485.5,NORMAL,HF,Højre fløj,False,359,651,1.002,0,0,0,0.0
Besard HAKAJ,1484.5,NORMAL,ST,Streg,False,305,590,1.01,0,0,0,0.0
Mats Gordon KROG,1484.3,NORMAL,VF,Venstre fløj,False,157,316,1.008,0,0,0,0.0
Benjamin JAKOBSEN,1483.9,NORMAL,ST,Streg,False,239,477,1.004,0,0,0,0.0
Jon KATBALLE,1482.1,NORMAL,HF,Højre fløj,False,266,422,1.007,0,0,0,0.0
Alec SMIT,1479.1,NORMAL,HF,Højre fløj,False,392,410,1.006,0,0,0,0.0
Vilhelm POULSEN,1476.9,NORMAL,HF,Højre fløj,False,281,446,1.006,0,0,0,0.0
Frederik HORN,1476.6,NORMAL,HF,Højre fløj,False,173,395,1.005,0,0,0,0.0
Jens Svane PESCHARDT,1472.4,NORMAL,HF,Højre fløj,False,292,467,1.007,0,0,0,0.0
Kristjan ÖRN KRISTJANSSON,1471.5,NORMAL,HF,Højre fløj,False,243,431,1.007,0,0,0,0.0
Victor WOLF,1469.9,NORMAL,VF,Venstre fløj,False,160,251,1.005,0,0,0,0.0
Jack THURIN,1469.3,NORMAL,HF,Højre fløj,False,220,367,1.005,0,0,0,0.0
Tobias Torpegaard MØLLER,1468.7,NORMAL,HF,Højre fløj,False,176,337,1.006,0,0,0,0.0
Magnus PETERSEN,1468.0,NORMAL,MV,Målvogter,False,216,216,1.0,0,0,0,0.0
Patrick WIESMACH,1465.9,NORMAL,HF,Højre fløj,False,290,309,1.005,0,0,0,0.0
Kasper KILDELUND,1463.6,NORMAL,HF,Højre fløj,False,393,412,1.004,0,0,0,0.0
Mikkel Møller LØVKVIST,1462.9,NORMAL,MV,Målvogter,False,230,230,0.998,0,0,0,0.0
Mathias HEDEGAARD,1462.5,NORMAL,ST,Streg,False,288,523,1.0,0,0,0,0.0
Nickolei JENSEN,1461.4,NORMAL,HF,Højre fløj,False,276,419,1.002,0,0,0,0.0
Nikolaj SVALASTOG,1460.3,NORMAL,HF,Højre fløj,False,184,337,1.009,0,0,0,0.0
Arnar Birkir HÁLFDÁNSSON,1459.5,NORMAL,HF,Højre fløj,False,240,383,1.01,0,0,0,0.0
Rasmus HENRIKSEN,1457.1,NORMAL,MV,Målvogter,False,226,226,1.005,0,0,0,0.0
Tim SØRENSEN,1456.8,NORMAL,HF,Højre fløj,False,300,356,0.999,0,0,0,0.0
Nicolaj Kjær SPANGGAARD,1455.6,NORMAL,HF,Højre fløj,False,218,416,1.0,0,0,0,0.0
Kristoffer LAURSEN,1454.6,NORMAL,MV,Målvogter,False,345,345,0.998,0,0,0,0.0
James JUNIOR SCOTT,1453.0,NORMAL,HF,Højre fløj,False,193,427,1.002,0,0,0,0.0
Reiner TABOADA,1450.9,NORMAL,HF,Højre fløj,False,287,416,1.014,0,0,0,0.0
Niklas LANDIN,1450.1,NORMAL,MV,Målvogter,False,165,165,1.005,0,0,0,0.0
Niklas KRAFT,1448.7,NORMAL,MV,Målvogter,False,186,186,1.006,0,0,0,0.0
Søren NØRGAARD,1448.6,NORMAL,HF,Højre fløj,False,171,317,1.006,0,0,0,0.0
Oliver NØDDESBO EGGERT,1445.9,NORMAL,HF,Højre fløj,False,210,433,1.005,0,0,0,0.0
Nicolas Lundbye KRISTIANSEN,1445.2,NORMAL,HF,Højre fløj,False,187,345,1.006,0,0,0,0.0
Frederik NIELSEN,1443.2,NORMAL,HF,Højre fløj,False,261,351,1.006,0,0,0,0.0
Tim WINKLER,1442.1,NORMAL,MV,Målvogter,False,268,268,0.998,0,0,0,0.0
Alexander BLONZ,1436.5,NORMAL,HF,Højre fløj,False,171,278,1.009,0,0,0,0.0
Viktor BERGHOLT,1434.3,NORMAL,HF,Højre fløj,False,160,300,1.005,0,0,0,0.0
Magnus BRANDBYGE,1433.9,NORMAL,MV,Målvogter,False,283,283,1.008,0,0,0,0.0
Magnus KRONBORG,1433.4,NORMAL,HF,Højre fløj,False,158,305,1.005,0,0,0,0.0
Oliver Klarskov KNUDSEN,1432.9,NORMAL,HF,Højre fløj,False,212,306,1.007,0,0,0,0.0
Nicolai NØRAGER,1430.7,NORMAL,HF,Højre fløj,False,159,317,1.001,0,0,0,0.0
Rune ANDERSEN,1429.5,NORMAL,HF,Højre fløj,False,258,397,1.011,0,0,0,0.0
Rasmus BECH,1427.4,NORMAL,MV,Målvogter,False,380,380,0.997,0,0,0,0.0
Morten Kirk OLESEN,1426.1,NORMAL,HF,Højre fløj,False,201,320,1.005,0,0,0,0.0
Jonathan STENBÄCKEN,1424.8,NORMAL,HF,Højre fløj,False,422,553,1.003,0,0,0,0.0
Kasper OLSEN,1423.5,NORMAL,HF,Højre fløj,False,136,348,1.002,0,0,0,0.0
Emil JENSEN,1420.4,NORMAL,HF,Højre fløj,False,271,367,1.007,0,0,0,0.0
Christian Sabroe HOLM,1420.4,NORMAL,HF,Højre fløj,False,263,373,1.007,0,0,0,0.0
Jesper Meinby PEDERSEN,1419.5,NORMAL,HF,Højre fløj,False,267,352,1.002,0,0,0,0.0
Erik TOFT,1415.1,NORMAL,PL,Playmaker,False,90,305,0.999,0,0,0,0.0
Andreas MAGAARD,1414.9,NORMAL,ST,Streg,False,195,346,1.007,0,0,0,0.0
Stefan NIELSEN,1414.8,NORMAL,HF,Højre fløj,False,166,351,1.002,0,0,0,0.0
Jonas Kruse KRISTENSEN,1414.6,NORMAL,HF,Højre fløj,False,174,297,1.006,0,0,0,0.0
Jesper MUNK,1412.5,NORMAL,HF,Højre fløj,False,200,384,1.002,0,0,0,0.0
Thomas SOLSTAD,1412.4,NORMAL,HF,Højre fløj,False,166,301,1.004,0,0,0,0.0
Frederik Bo ANDERSEN,1411.9,NORMAL,HF,Højre fløj,False,242,250,1.006,0,0,0,0.0
Søren RASMUSSEN,1411.9,NORMAL,MV,Målvogter,False,203,203,1.003,0,0,0,0.0
Mads LENBROCH,1411.1,NORMAL,HF,Højre fløj,False,157,252,1.007,0,0,0,0.0
Magnus NORLYK,1410.8,NORMAL,HF,Højre fløj,False,139,264,1.01,0,0,0,0.0
Axel FRANZÉN,1410.6,NORMAL,ST,Streg,False,190,321,1.004,0,0,0,0.0
Rasmus KIER,1410.1,NORMAL,HF,Højre fløj,False,245,255,1.004,0,0,0,0.0
Nikolaj ØRIS,1409.1,NORMAL,HF,Højre fløj,False,156,257,1.0,0,0,0,0.0
Robin HAUG,1408.4,NORMAL,MV,Målvogter,False,225,225,1.004,0,0,0,0.0
Gøran Søgaard JOHANNESEN,1404.4,NORMAL,HF,Højre fløj,False,119,291,1.007,0,0,0,0.0
Evgeni PEVNOV,1403.1,NORMAL,ST,Streg,False,179,332,1.002,0,0,0,0.0
Mads KJELDGAARD,1402.7,NORMAL,HF,Højre fløj,False,153,276,1.006,0,0,0,0.0
Sander HEIEREN,1402.1,NORMAL,MV,Målvogter,False,264,264,1.007,0,0,0,0.0
Magnus FREDRIKSEN,1400.2,NORMAL,HF,Højre fløj,False,224,328,0.998,0,0,0,0.0
Pelle Schilling GULDAGER,1399.5,NORMAL,HF,Højre fløj,False,117,247,1.007,0,0,0,0.0
Marinus MUNK,1398.2,NORMAL,HF,Højre fløj,False,172,328,1.0,0,0,0,0.0
Justin MÜLLER,1394.4,NORMAL,HF,Højre fløj,False,232,301,1.003,0,0,0,0.0
Julius MØRCH,1394.3,NORMAL,HF,Højre fløj,False,255,440,0.999,0,0,0,0.0
Thorsten FRIES,1392.0,NORMAL,MV,Målvogter,True,244,244,1.006,907,65,1907,32.2
Magnus Haubro JENSEN,1387.9,NORMAL,HF,Højre fløj,False,173,325,1.009,0,0,0,0.0
René VILLADSEN,1382.4,NORMAL,MV,Målvogter,True,101,101,1.011,144,12,420,25.5
Rasmus NIELSEN,1379.4,NORMAL,HF,Højre fløj,False,204,222,1.002,0,0,0,0.0
Simon HALD,1378.9,NORMAL,ST,Streg,False,161,297,1.001,0,0,0,0.0
Frederik BØRM,1378.5,NORMAL,ST,Streg,False,176,347,1.002,0,0,0,0.0
Frederik Kiehn CLAUSEN,1377.2,NORMAL,HF,Højre fløj,False,264,409,0.999,0,0,0,0.0
Dan Beck HANSEN,1372.4,NORMAL,ST,Streg,False,161,321,1.003,0,0,0,0.0
Sune IVERSEN,1371.5,NORMAL,VF,Venstre fløj,False,100,201,1.005,0,0,0,0.0
Thor CHRISTENSEN,1371.2,NORMAL,HF,Højre fløj,False,254,442,0.998,0,0,0,0.0
Stig Tore MOEN NILSEN,1370.2,NORMAL,HF,Højre fløj,False,133,265,1.006,0,0,0,0.0
Martin RISOM,1370.1,NORMAL,HF,Højre fløj,False,170,237,1.011,0,0,0,0.0
Oliver EGGERT,1369.4,NORMAL,HF,Højre fløj,False,173,295,1.0,0,0,0,0.0
Jens SVANE,1368.4,NORMAL,HF,Højre fløj,False,216,331,1.004,0,0,0,0.0
Mathias NIKOLAJSEN,1366.6,NORMAL,HF,Højre fløj,False,150,233,1.005,0,0,0,0.0
Fredrik Schilling SØRENSEN,1364.8,NORMAL,HF,Højre fløj,False,109,202,1.005,0,0,0,0.0
Jonas RAUNDAHL,1363.7,NORMAL,HF,Højre fløj,False,150,266,1.003,0,0,0,0.0
Mathias MØLLER,1363.2,NORMAL,HF,Højre fløj,False,91,210,1.002,0,0,0,0.0
William ANDERSSON MOBERG,1361.7,NORMAL,HF,Højre fløj,False,172,247,1.005,0,0,0,0.0
Rasmus BOYSEN,1360.6,NORMAL,MV,Målvogter,False,188,197,0.998,0,0,0,0.0
Jacob BAGERSTED,1360.3,NORMAL,HF,Højre fløj,False,171,345,1.002,0,0,0,0.0
Mikael AGGEFORS,1359.9,NORMAL,MV,Målvogter,True,256,256,0.999,1379,38,2797,33.0
Anders MARTINUSEN,1357.6,NORMAL,HF,Højre fløj,False,192,275,1.007,0,0,0,0.0
Sune ØSTERGAARD IVERSEN,1356.7,NORMAL,HF,Højre fløj,False,96,187,1.005,0,0,0,0.0
Anders AGGER,1356.2,NORMAL,HF,Højre fløj,False,230,401,1.005,0,0,0,0.0
Tobias TOMBAK,1355.5,NORMAL,HF,Højre fløj,False,140,204,1.004,0,0,0,0.0
Rasmus MADSBØLL,1355.2,NORMAL,VF,Venstre fløj,False,91,178,1.007,0,0,0,0.0
Tobias MYGIND,1355.2,NORMAL,HF,Højre fløj,False,92,239,1.004,0,0,0,0.0
Tim RANTALA,1354.8,NORMAL,HF,Højre fløj,False,116,232,1.007,0,0,0,0.0
Kay Evert SMITS,1353.1,NORMAL,HF,Højre fløj,False,139,257,1.005,0,0,0,0.0
Michael RIIS,1353.1,NORMAL,HF,Højre fløj,False,81,245,1.014,0,0,0,0.0
Jens Dolberg PLOUGSTRUP,1352.7,NORMAL,PL,Playmaker,False,71,208,1.002,0,0,0,0.0
Mathias PORSHOLDT,1352.7,NORMAL,HF,Højre fløj,False,197,362,1.004,0,0,0,0.0
Mads DUDEK,1351.9,NORMAL,HF,Højre fløj,False,125,266,1.006,0,0,0,0.0
Pelle SCHILLING,1351.5,NORMAL,HF,Højre fløj,False,89,160,1.006,0,0,0,0.0
Christian WETCHE,1351.2,NORMAL,MV,Målvogter,True,96,96,1.008,239,14,644,27.1
Andreas Johann NIELSEN,1349.7,NORMAL,HF,Højre fløj,False,216,408,1.007,0,0,0,0.0
Jesper NIELSEN,1348.9,NORMAL,ST,Streg,False,169,310,1.004,0,0,0,0.0
Oskar VIND,1348.5,NORMAL,HF,Højre fløj,False,195,203,1.007,0,0,0,0.0
Martin Lysdahl HANSEN,1348.1,NORMAL,HF,Højre fløj,False,106,189,1.0,0,0,0,0.0
Allan Toft HANSEN,1348.1,NORMAL,HF,Højre fløj,False,215,377,1.003,0,0,0,0.0
Kasper DIDRIKSEN,1347.1,NORMAL,ST,Streg,False,136,247,1.001,0,0,0,0.0
Oskar SUNNEFELDT,1346.6,NORMAL,HF,Højre fløj,False,139,256,1.002,0,0,0,0.0
Simen Nicolay SCHØNNINGSEN,1346.6,NORMAL,HF,Højre fløj,False,91,225,1.002,0,0,0,0.0
Joachim MØLLER,1338.7,NORMAL,HF,Højre fløj,False,196,342,1.004,0,0,0,0.0
Alexander HANSEN,1335.5,NORMAL,HF,Højre fløj,False,140,246,1.004,0,0,0,0.0
René ANTONSEN,1334.4,NORMAL,HF,Højre fløj,False,168,319,1.009,0,0,0,0.0
Magnus JØNDAL,1333.6,NORMAL,VF,Venstre fløj,False,94,178,1.006,0,0,0,0.0
Karl WALLINIUS,1333.5,NORMAL,HF,Højre fløj,False,104,212,1.006,0,0,0,0.0
Esben Lie HANSEN,1332.3,NORMAL,HF,Højre fløj,False,79,192,1.004,0,0,0,0.0
Patrick VOLZ,1331.5,NORMAL,VF,Venstre fløj,False,84,154,1.007,0,0,0,0.0
Linus PERSSON,1331.4,NORMAL,HF,Højre fløj,False,171,202,1.0,0,0,0,0.0
Tobias Svend RASMUSSEN,1331.3,NORMAL,HF,Højre fløj,False,125,253,1.004,0,0,0,0.0
Nicolai SKYTTE,1330.7,NORMAL,HF,Højre fløj,False,111,190,1.003,0,0,0,0.0
Magnus RAHBEK,1330.1,NORMAL,HF,Højre fløj,False,89,221,1.008,0,0,0,0.0
Sander Drange HEIEREN,1328.9,NORMAL,MV,Målvogter,True,141,141,1.011,291,6,615,32.1
Hjalmar ANDERSEN,1328.3,NORMAL,ST,Streg,False,105,150,1.002,0,0,0,0.0
Tobias OLSEN,1328.1,NORMAL,HF,Højre fløj,False,180,239,1.001,0,0,0,0.0
Gudmundur Bragi ASTPARSSON,1327.8,NORMAL,HF,Højre fløj,False,137,158,1.007,0,0,0,0.0
Dan BECK-HANSEN,1326.6,NORMAL,ST,Streg,False,98,182,1.01,0,0,0,0.0
Matias DAMGAARD,1326.4,NORMAL,HF,Højre fløj,False,103,221,1.004,0,0,0,0.0
Frederik HUMMELMOSE,1324.5,NORMAL,MV,Målvogter,True,54,54,1.014,208,10,523,28.5
Magnus Landin JACOBSEN,1324.5,NORMAL,VF,Venstre fløj,False,58,145,1.006,0,0,0,0.0
Ulrik Nøddesbo EGGERT,1324.5,NORMAL,HF,Højre fløj,False,86,182,1.005,0,0,0,0.0
Fabian NORSTEN,1323.1,NORMAL,MV,Målvogter,True,116,116,1.004,381,8,836,31.3
Fredrik CLEMENTSEN,1323.1,NORMAL,ST,Streg,False,106,165,1.005,0,0,0,0.0
Steven Plucnar JACOBSEN,1322.1,NORMAL,ST,Streg,False,123,245,1.001,0,0,0,0.0
Jesper MEINBY,1322.0,NORMAL,HF,Højre fløj,False,150,215,1.002,0,0,0,0.0
Ebbe STANKIEWICZ,1321.4,NORMAL,HF,Højre fløj,False,142,149,1.005,0,0,0,0.0
Felix MÖLLER,1321.1,NORMAL,ST,Streg,False,81,158,1.007,0,0,0,0.0
Frank MIKKELSEN,1321.1,NORMAL,MV,Målvogter,True,121,121,1.007,583,33,1288,31.2
Mishels LIABA,1320.9,NORMAL,VB,Venstre back,False,78,250,1.002,0,0,0,0.0
Léo MARTINEZ,1320.8,NORMAL,HF,Højre fløj,False,126,196,1.003,0,0,0,0.0
Mads Kalstrup HONORÉ,1320.7,NORMAL,ST,Streg,False,129,255,1.002,0,0,0,0.0
Matthias DORGELO,1319.9,NORMAL,MV,Målvogter,True,85,85,1.002,226,17,640,26.1
Malte JUSTESEN,1318.6,NORMAL,HF,Højre fløj,False,85,161,1.01,0,0,0,0.0
Nikolai Skovmand VINTHER,1317.7,NORMAL,HF,Højre fløj,False,150,156,1.006,0,0,0,0.0
Lars HALD,1317.2,NORMAL,HF,Højre fløj,False,101,190,1.005,0,0,0,0.0
Oliver KLARSKOV,1316.9,NORMAL,HF,Højre fløj,False,127,180,1.001,0,0,0,0.0
Mikkel MADSEN,1316.7,NORMAL,HF,Højre fløj,False,93,149,1.007,0,0,0,0.0
Sveinn JÓHANNSSON,1316.4,NORMAL,HF,Højre fløj,False,131,248,0.997,0,0,0,0.0
Nikolaj A. NIELSEN,1316.4,NORMAL,HF,Højre fløj,False,109,195,1.001,0,0,0,0.0
Lovro JOTIC,1316.0,NORMAL,PL,Playmaker,False,41,150,1.004,0,0,0,0.0
Frederik SASS,1315.5,NORMAL,HF,Højre fløj,False,69,123,1.009,0,0,0,0.0
August BASKÅR PEDERSEN,1314.8,NORMAL,VF,Venstre fløj,False,84,141,1.006,0,0,0,0.0
Morten KAALUND,1314.6,NORMAL,ST,Streg,False,75,142,1.002,0,0,0,0.0
Henrik Toft HANSEN,1314.1,NORMAL,HF,Højre fløj,False,109,200,1.01,0,0,0,0.0
René Toft HANSEN,1313.6,NORMAL,HF,Højre fløj,False,235,401,1.0,0,0,0,0.0
Magnus SØNDENÅ,1312.7,NORMAL,HF,Højre fløj,False,134,153,1.006,0,0,0,0.0
Miguel MARTINS,1312.5,NORMAL,HF,Højre fløj,False,115,176,1.006,0,0,0,0.0
Bjarke JØRGENSEN,1311.7,NORMAL,HF,Højre fløj,False,111,236,1.005,0,0,0,0.0
Joachim Lyng ALS,1311.6,NORMAL,HF,Højre fløj,False,78,149,1.003,0,0,0,0.0
Benjamin B PEDERSEN,1311.6,NORMAL,ST,Streg,False,126,247,1.006,0,0,0,0.0
Fredrik MOSSESTAD,1311.6,NORMAL,HF,Højre fløj,False,162,164,1.005,0,0,0,0.0
Gabriel SETTERBLOM,1310.8,NORMAL,HF,Højre fløj,False,145,208,0.999,0,0,0,0.0
Tobias THULIN,1310.5,NORMAL,MV,Målvogter,True,107,107,1.005,708,31,1812,28.1
August Baskår PEDERSEN,1310.1,NORMAL,VF,Venstre fløj,False,75,146,1.005,0,0,0,0.0
August FRIDÉN,1308.4,NORMAL,HF,Højre fløj,False,75,134,1.008,0,0,0,0.0
Kristian Krag ØRSTED,1307.3,NORMAL,ST,Streg,False,105,165,1.007,0,0,0,0.0
Simon EGTVED,1307.2,NORMAL,MV,Målvogter,True,130,130,0.999,333,9,1075,23.7
Frederik ARNOLDSEN,1305.6,NORMAL,HF,Højre fløj,False,94,181,1.002,0,0,0,0.0
Rasmus CARLSEN,1305.6,NORMAL,HF,Højre fløj,False,49,140,1.003,0,0,0,0.0
Lasse BALSTAD,1305.4,NORMAL,HF,Højre fløj,False,313,370,1.0,0,0,0,0.0
Henk Muus MEYER,1305.0,NORMAL,MV,Målvogter,True,96,96,1.011,16,0,48,25.0
Adam NYFJÄLL,1304.9,NORMAL,ST,Streg,False,74,146,1.009,0,0,0,0.0
Andreas DAMGAARD,1304.8,NORMAL,HF,Højre fløj,False,85,184,0.999,0,0,0,0.0
Jonas TIDEMAND,1304.2,NORMAL,HF,Højre fløj,False,119,224,1.004,0,0,0,0.0
Shadrach-Amie NSONI,1302.9,NORMAL,MV,Målvogter,True,89,89,0.999,192,9,532,26.5
Kasper Young ANDERSEN,1301.9,NORMAL,HF,Højre fløj,False,95,119,1.002,0,0,0,0.0
Jimmi ANDERSEN,1301.6,NORMAL,MV,Målvogter,True,224,224,1.009,954,69,2203,30.2
Tobias BAY,1301.5,NORMAL,HF,Højre fløj,False,83,157,1.004,0,0,0,0.0
Mads Emil Bayer LENBROCH,1299.1,NORMAL,VF,Venstre fløj,False,71,120,1.004,0,0,0,0.0
Cyril VIUDES,1298.5,NORMAL,ST,Streg,False,108,171,1.008,0,0,0,0.0
Anders GADE,1298.5,NORMAL,HF,Højre fløj,False,76,125,1.007,0,0,0,0.0
Yehia ELDERAA,1298.0,NORMAL,VB,Venstre back,False,90,128,1.008,0,0,0,0.0
Jesper LINDGREN,1298.0,NORMAL,HF,Højre fløj,False,340,361,1.001,0,0,0,0.0
Ágúst BJÖRGVINSSON,1297.9,NORMAL,MV,Målvogter,True,106,106,0.999,274,16,728,27.3
Martin Kærgaard PEDERSEN,1297.1,NORMAL,ST,Streg,False,96,148,1.002,0,0,0,0.0
Anton HELLBERG,1296.5,NORMAL,MV,Målvogter,True,32,32,1.003,96,12,237,28.8
Mikkel SANDHOLM,1295.4,NORMAL,HF,Højre fløj,False,111,114,1.01,0,0,0,0.0
Nicklas Graugaard NIELSEN,1295.0,NORMAL,MV,Målvogter,True,62,62,0.999,189,13,468,28.8
Lars JAKOBSEN,1295.0,NORMAL,HF,Højre fløj,False,45,115,1.009,0,0,0,0.0
Ronnie Schmidt NICOLAISEN,1294.9,NORMAL,MV,Målvogter,True,65,65,0.999,97,8,241,28.7
Lasse VILHELMSEN,1294.6,NORMAL,HF,Højre fløj,False,132,181,1.004,0,0,0,0.0
Andreas Søgaard RASMUSSEN,1293.6,NORMAL,ST,Streg,False,88,177,1.004,0,0,0,0.0
Simon OOMS,1293.4,NORMAL,ST,Streg,False,84,133,1.006,0,0,0,0.0
Oliver JUHL,1293.3,NORMAL,HF,Højre fløj,False,118,132,1.009,0,0,0,0.0
Jonas FUGLSBJERG,1293.1,NORMAL,HF,Højre fløj,False,96,151,1.001,0,0,0,0.0
Simon Westh KRISTIANSEN,1292.6,NORMAL,HF,Højre fløj,False,64,147,0.999,0,0,0,0.0
Jonathan SØRENSEN,1292.3,NORMAL,HF,Højre fløj,False,120,128,1.004,0,0,0,0.0
Vignir SVARVARSSON,1292.1,NORMAL,HF,Højre fløj,False,94,173,1.003,0,0,0,0.0
Malthe Rolighed BULL,1291.6,NORMAL,HF,Højre fløj,False,98,100,1.01,0,0,0,0.0
Victor KLØVE,1290.8,NORMAL,HF,Højre fløj,False,110,176,1.004,0,0,0,0.0
Stefan HUNDSTRUP,1290.3,NORMAL,HF,Højre fløj,False,111,180,1.005,0,0,0,0.0
Jacob ØSTERGAARD,1290.0,NORMAL,HF,Højre fløj,False,174,274,1.004,0,0,0,0.0
Vetle RØNNINGEN,1289.6,NORMAL,HF,Højre fløj,False,248,345,0.999,0,0,0,0.0
Lasse KRONBORG,1289.2,NORMAL,HF,Højre fløj,False,134,190,0.998,0,0,0,0.0
Sigvaldi GUDJONSSON,1289.1,NORMAL,HF,Højre fløj,False,117,131,1.004,0,0,0,0.0
Anton HAGVALL,1288.7,NORMAL,MV,Målvogter,True,9,9,1.049,22,4,115,16.1
Sebastian SKØTT,1288.5,NORMAL,VF,Venstre fløj,False,50,93,1.005,0,0,0,0.0
Brian JØRGENSEN,1287.4,NORMAL,MV,Målvogter,True,38,38,1.01,47,1,131,26.4
Mads Peter LØNBORG,1286.2,NORMAL,HF,Højre fløj,False,115,130,1.007,0,0,0,0.0
Hakan SAHIN,1284.7,NORMAL,HF,Højre fløj,False,150,269,1.008,0,0,0,0.0
Nikolaj Vestergaard MEHL,1284.4,NORMAL,HF,Højre fløj,False,69,151,1.003,0,0,0,0.0
Rasmus GRAFFE,1284.2,NORMAL,HF,Højre fløj,False,72,138,1.006,0,0,0,0.0
Daniel GULDSMED,1284.1,NORMAL,ST,Streg,False,56,104,1.009,0,0,0,0.0
Matias Ravn CAMPBELL,1283.8,NORMAL,HF,Højre fløj,False,89,151,1.001,0,0,0,0.0
Daniel INGASON,1283.6,NORMAL,HF,Højre fløj,False,131,191,0.998,0,0,0,0.0
Einar ÓLAFSSON,1282.3,NORMAL,HF,Højre fløj,False,185,204,1.001,0,0,0,0.0
Kasper PALMAR,1282.3,NORMAL,HF,Højre fløj,False,64,121,1.006,0,0,0,0.0
Christian TERMANSEN,1282.2,NORMAL,HF,Højre fløj,False,94,143,1.004,0,0,0,0.0
Oliver ROEPSTORFF,1281.6,NORMAL,HF,Højre fløj,False,47,116,1.004,0,0,0,0.0
Kristian KLITGAARD,1281.1,NORMAL,VF,Venstre fløj,False,47,92,1.001,0,0,0,0.0
Jeppe FAURHOLT,1281.0,NORMAL,HF,Højre fløj,False,80,82,1.007,0,0,0,0.0
Simon Hald JENSEN,1280.6,NORMAL,ST,Streg,False,86,168,1.004,0,0,0,0.0
Andre Sindre AHO,1280.3,NORMAL,HF,Højre fløj,False,100,152,1.01,0,0,0,0.0
Magnus SØNNICHSEN,1280.1,NORMAL,HF,Højre fløj,False,113,120,1.005,0,0,0,0.0
Claus KJELDGAARD,1280.0,NORMAL,HF,Højre fløj,False,86,137,1.005,0,0,0,0.0
Jonas Bruus TIDEMAND,1278.9,NORMAL,HF,Højre fløj,False,146,256,1.002,0,0,0,0.0
Frederik Horn JAKOBSEN,1278.6,NORMAL,MV,Målvogter,False,52,63,1.002,0,0,0,0.0
Kasper LINDGREN,1278.1,NORMAL,HF,Højre fløj,False,286,395,1.005,0,0,0,0.0
Nikolai VINTHER,1277.8,NORMAL,HF,Højre fløj,False,90,92,1.0,0,0,0,0.0
Anders MØLLER,1277.7,NORMAL,HF,Højre fløj,False,98,103,1.005,0,0,0,0.0
Hans Martin ASMUSSEN,1276.9,NORMAL,HF,Højre fløj,False,85,94,1.008,0,0,0,0.0
Aron MENSING,1276.5,NORMAL,HF,Højre fløj,False,54,127,1.001,0,0,0,0.0
Tobias MYSSING,1276.4,NORMAL,HF,Højre fløj,False,101,108,1.0,0,0,0,0.0
Mathias LARSON,1276.3,NORMAL,HF,Højre fløj,False,95,139,0.998,0,0,0,0.0
Lasse HAMANN-BOERITHS,1275.3,NORMAL,HF,Højre fløj,False,81,132,1.001,0,0,0,0.0
Jakob HESSELLUND,1274.1,NORMAL,HF,Højre fløj,False,74,100,1.006,0,0,0,0.0
Petter ØVERBY,1272.4,NORMAL,ST,Streg,False,65,118,1.0,0,0,0,0.0
Fredrik GUSTAVSSON,1272.3,NORMAL,HF,Højre fløj,False,65,96,1.005,0,0,0,0.0
Robert TIMMERMEISTER,1272.1,NORMAL,HF,Højre fløj,False,70,117,1.011,0,0,0,0.0
Rasmus DØSSING,1271.9,NORMAL,MV,Målvogter,True,48,48,1.014,73,3,201,26.6
Sander SAGOSEN,1271.3,NORMAL,HF,Højre fløj,False,65,108,1.005,0,0,0,0.0
Stig-Tore Moen NILSEN,1270.6,NORMAL,HF,Højre fløj,False,54,112,1.006,0,0,0,0.0
Rolf RAVN,1270.4,NORMAL,HF,Højre fløj,False,147,195,0.999,0,0,0,0.0
Andreas ELBÆK,1270.2,NORMAL,HF,Højre fløj,False,86,144,1.006,0,0,0,0.0
Frederik ANDERSSON,1270.1,NORMAL,MV,Målvogter,True,68,68,0.999,230,13,688,25.1
Arnor ATLASON,1269.2,NORMAL,HF,Højre fløj,False,28,78,1.004,0,0,0,0.0
Jan GREBENC,1269.2,NORMAL,HF,Højre fløj,False,74,157,1.006,0,0,0,0.0
Gunnar Steinn JONSSON,1269.1,NORMAL,HF,Højre fløj,False,70,116,1.005,0,0,0,0.0
Nicolai SOMMER,1269.0,NORMAL,PL,Playmaker,False,33,92,1.007,0,0,0,0.0
Jonas EICHWALD,1268.2,NORMAL,HF,Højre fløj,False,87,92,1.001,0,0,0,0.0
Rasmus Storm JENSEN,1268.1,NORMAL,MV,Målvogter,True,39,39,1.008,42,0,112,27.3
Gustav Wedel BRUUN,1268.1,NORMAL,HF,Højre fløj,False,105,120,1.004,0,0,0,0.0
Martin Mauer LARSEN,1266.9,NORMAL,HF,Højre fløj,False,71,140,1.002,0,0,0,0.0
Kristian Dahl PEDERSEN,1265.6,NORMAL,MV,Målvogter,True,64,64,1.003,362,6,875,29.3
Emil HANSSON,1265.5,NORMAL,HF,Højre fløj,False,97,137,1.002,0,0,0,0.0
Lasse SUNDE LID,1265.4,NORMAL,HF,Højre fløj,False,48,77,1.007,0,0,0,0.0
Jakob VILLEMOES,1265.0,NORMAL,HF,Højre fløj,False,95,95,1.009,0,0,0,0.0
Daniel Freyr ANDRÉSSON,1263.8,NORMAL,MV,Målvogter,True,42,42,0.998,119,7,356,25.1
Anders Agger PEDERSEN,1263.4,NORMAL,HF,Højre fløj,False,67,129,1.004,0,0,0,0.0
Nejc CEHTE,1262.9,NORMAL,HF,Højre fløj,False,79,111,1.0,0,0,0,0.0
Sebastian Reimer THOR,1261.3,NORMAL,HF,Højre fløj,False,139,226,0.999,0,0,0,0.0
Emil SIDELMANN,1261.1,NORMAL,VF,Venstre fløj,False,41,67,1.004,0,0,0,0.0
Jacob HANSEN,1261.1,NORMAL,HF,Højre fløj,False,81,94,1.005,0,0,0,0.0
Ronnie NICOLAISEN,1260.8,NORMAL,MV,Målvogter,True,156,156,0.999,995,39,2285,30.3
Mads KALSTRUP,1259.9,NORMAL,ST,Streg,False,58,85,1.005,0,0,0,0.0
Emil Grønbech HANSEN,1259.9,NORMAL,HF,Højre fløj,False,52,110,1.002,0,0,0,0.0
Nicolai BROE,1259.8,NORMAL,MV,Målvogter,True,7,7,1.005,5,0,6,45.5
Oliver Amnitzbøll NORLYK,1259.6,NORMAL,HF,Højre fløj,False,54,132,1.002,0,0,0,0.0
Shadrach Amie NSONI,1258.9,NORMAL,MV,Målvogter,True,14,14,1.002,118,10,260,31.2
Julius STEN,1258.4,NORMAL,MV,Målvogter,True,65,65,1.009,316,9,774,29.0
Frederik PEDERSEN,1258.2,NORMAL,HF,Højre fløj,False,72,102,1.006,0,0,0,0.0
Viktor Gisli HALLGRIMSSON,1257.8,NORMAL,MV,Målvogter,True,27,27,0.998,654,36,1473,30.7
Nikolaj A NIELSEN,1256.6,NORMAL,HF,Højre fløj,False,58,110,1.007,0,0,0,0.0
Frederik SKOVGAARD,1256.3,NORMAL,MV,Målvogter,True,5,5,1.005,54,3,167,24.4
Minik Dahl HØEGH,1256.2,NORMAL,PL,Playmaker,False,30,72,1.001,0,0,0,0.0
Anton LINDSKOG,1255.8,NORMAL,HF,Højre fløj,False,79,138,1.003,0,0,0,0.0
Mads BJERGFELT,1255.7,NORMAL,HF,Højre fløj,False,58,109,1.007,0,0,0,0.0
Nichlas POULSEN,1255.6,NORMAL,HF,Højre fløj,False,65,70,1.006,0,0,0,0.0
Nicolai Pugholm HVID,1255.5,NORMAL,HF,Højre fløj,False,141,210,1.001,0,0,0,0.0
Nicolai PUGHOLM,1255.5,NORMAL,HF,Højre fløj,False,154,195,1.001,0,0,0,0.0
Sven EHRIG,1255.4,NORMAL,HF,Højre fløj,False,61,76,1.004,0,0,0,0.0
Frederik BANK,1254.5,NORMAL,MV,Målvogter,False,3,3,1.011,0,0,0,0.0
Lasse Sinding JENSEN,1254.1,NORMAL,HF,Højre fløj,False,50,103,1.002,0,0,0,0.0
Thomas THEILGAARD,1253.9,NORMAL,HF,Højre fløj,False,80,80,1.007,0,0,0,0.0
Björgvin Pall GUSTAVSSON,1253.4,NORMAL,MV,Målvogter,True,55,55,1.0,204,18,431,32.1
Malthe KRONBORG EBSEN,1253.3,NORMAL,MV,Målvogter,True,3,3,1.008,26,6,85,23.4
Torbjørn BERGERUD,1253.1,NORMAL,MV,Målvogter,True,6,6,1.005,217,12,429,33.6
Kim SONNE,1252.8,NORMAL,MV,Målvogter,True,15,15,0.999,31,9,120,20.5
Malte EICHHORST,1252.1,NORMAL,MV,Målvogter,True,37,37,1.027,127,7,344,27.0
Peter LUND,1252.1,NORMAL,HF,Højre fløj,False,208,226,1.004,0,0,0,0.0
Sasser SONN,1252.1,NORMAL,ST,Streg,False,51,72,1.007,0,0,0,0.0
Oliver LARSEN,1252.0,NORMAL,MV,Målvogter,True,33,33,1.011,123,5,314,28.1
Lasse NIKOLAJSEN,1251.5,NORMAL,VF,Venstre fløj,False,34,67,1.003,0,0,0,0.0
Simon Ellersgaard BIRKEFELDT,1251.2,NORMAL,HF,Højre fløj,False,48,101,0.997,0,0,0,0.0
Niclas THYSSEN,1250.8,NORMAL,HF,Højre fløj,False,30,56,1.002,0,0,0,0.0
Benjamin HOLM,1250.1,NORMAL,HF,Højre fløj,False,39,76,1.006,0,0,0,0.0
Rickard FRISK,1250.1,NORMAL,MV,Målvogter,True,97,97,1.008,460,23,1161,28.4
Tobias KJÆRGAARD,1250.0,NORMAL,MV,Målvogter,False,2,2,1.0,0,0,0,0.0
Kristian LINDHOLMER,1249.9,NORMAL,MV,Målvogter,False,1,1,1.0,0,0,0,0.0
Robert GUNNARSSON,1249.7,NORMAL,ST,Streg,False,45,73,1.009,0,0,0,0.0
TEST_GOALKEEPER,1249.6,NORMAL,MV,Målvogter,False,1,1,1.0,0,0,0,0.0
Morten TOFT OLSEN,1249.6,NORMAL,HF,Højre fløj,False,35,89,1.0,0,0,0,0.0
Søren HAAGEN,1249.5,NORMAL,MV,Målvogter,True,3,3,0.999,112,3,247,31.2
Magnus NYEGAARD,1249.5,NORMAL,MV,Målvogter,False,1,1,1.0,0,0,0,0.0
Casper SAS,1249.4,NORMAL,VF,Venstre fløj,False,40,79,1.002,0,0,0,0.0
Morten SLUNDT,1249.3,NORMAL,HF,Højre fløj,False,44,65,1.005,0,0,0,0.0
Valdemar HERMANSEN,1249.1,NORMAL,ST,Streg,False,43,67,1.005,0,0,0,0.0
Jonas Capion JØRGENSEN,1249.0,NORMAL,MV,Målvogter,False,2,2,1.0,0,0,0,0.0
Kenneth Bach HANSEN,1249.0,NORMAL,HF,Højre fløj,False,65,74,1.006,0,0,0,0.0
Axel ANDERSSON,1249.0,NORMAL,HF,Højre fløj,False,37,72,1.002,0,0,0,0.0
Rune BERGMANN,1247.9,NORMAL,MV,Målvogter,True,5,5,0.998,4,1,7,36.4
Arnar FREYR ARNARSSON,1247.6,NORMAL,HF,Højre fløj,False,61,108,1.005,0,0,0,0.0
Marcus Midtgaard SØRENSEN,1247.4,NORMAL,HF,Højre fløj,False,75,108,1.0,0,0,0,0.0
Andreas NIELSEN,1247.4,NORMAL,ST,Streg,False,69,134,0.999,0,0,0,0.0
Kristian VUKMAN,1247.1,NORMAL,HF,Højre fløj,False,45,96,1.005,0,0,0,0.0
Magnus HOLPERT,1247.1,NORMAL,HF,Højre fløj,False,40,66,1.006,0,0,0,0.0
Bjarke NYBO,1246.7,NORMAL,HF,Højre fløj,False,35,82,1.007,0,0,0,0.0
Malthe BULL,1246.4,NORMAL,HF,Højre fløj,False,44,47,1.003,0,0,0,0.0
Asbjørn MADSEN,1246.1,NORMAL,HF,Højre fløj,False,63,121,0.999,0,0,0,0.0
Kristian SAEVERÅS,1245.5,NORMAL,MV,Målvogter,True,40,40,1.008,343,12,585,37.0
Anders PETERSEN,1244.4,NORMAL,MV,Målvogter,True,46,46,1.002,355,14,842,29.7
Diogo SILVA,1243.7,NORMAL,HF,Højre fløj,False,53,98,1.007,0,0,0,0.0
Emil LA COUR,1243.4,NORMAL,HF,Højre fløj,False,36,60,1.006,0,0,0,0.0
Joachim HYLDGAARD,1242.7,NORMAL,HF,Højre fløj,False,31,51,1.009,0,0,0,0.0
Jens DOLBERG,1242.3,NORMAL,PL,Playmaker,False,27,68,1.001,0,0,0,0.0
Sebastian BERTELSEN,1242.0,NORMAL,HF,Højre fløj,False,52,54,1.004,0,0,0,0.0
Oliver Sonne WOSNIAK,1241.7,NORMAL,PL,Playmaker,False,23,65,1.002,0,0,0,0.0
Anders FLÆNG,1241.4,NORMAL,HF,Højre fløj,False,41,42,1.0,0,0,0,0.0
Kristian PEDERSEN,1240.7,NORMAL,MV,Målvogter,True,60,60,1.004,72,8,170,29.8
Joakim André HYKKERUD,1240.3,NORMAL,HF,Højre fløj,False,47,78,1.005,0,0,0,0.0
Arnar Birkir HÁLFÁNSSON,1240.2,NORMAL,HF,Højre fløj,False,41,72,1.004,0,0,0,0.0
Søren PEDERSEN,1239.5,NORMAL,MV,Målvogter,True,102,102,0.998,577,30,1259,31.4
Jonas Hald CHRISTENSEN,1239.0,NORMAL,HF,Højre fløj,False,40,64,1.003,0,0,0,0.0
Philip HOLM,1238.7,NORMAL,HF,Højre fløj,False,30,82,1.001,0,0,0,0.0
Thomas KJÆRGAARD,1238.5,NORMAL,HF,Højre fløj,False,48,75,1.002,0,0,0,0.0
Jeppe LARSEN,1237.9,NORMAL,VF,Venstre fløj,False,30,66,0.998,0,0,0,0.0
Assar KAMMENHED,1237.7,NORMAL,HF,Højre fløj,False,65,85,1.004,0,0,0,0.0
Thomas Schultz CLAUSEN,1237.6,NORMAL,HF,Højre fløj,False,35,39,1.005,0,0,0,0.0
Tobias LANTZ,1236.9,NORMAL,MV,Målvogter,True,107,107,0.999,81,6,217,27.2
Frederik BAY,1236.7,NORMAL,VF,Venstre fløj,False,30,46,1.004,0,0,0,0.0
Andreas CORTÉS,1236.6,NORMAL,HF,Højre fløj,False,38,68,1.001,0,0,0,0.0
Jens FREDSGAARD,1236.2,NORMAL,MV,Målvogter,True,37,37,0.999,696,28,1514,31.5
Christoffer LANGERHUUS,1235.9,NORMAL,ST,Streg,False,32,53,1.004,0,0,0,0.0
Pelle BOESEN,1235.8,NORMAL,HF,Højre fløj,False,21,44,1.004,0,0,0,0.0
Jens KVIST,1235.1,NORMAL,HF,Højre fløj,False,48,49,1.004,0,0,0,0.0
Christoffer FORS,1234.1,NORMAL,VF,Venstre fløj,False,21,37,1.008,0,0,0,0.0
Mats GORDON,1233.9,NORMAL,VF,Venstre fløj,False,23,40,1.003,0,0,0,0.0
Tobias BALSBY-PEDERSEN,1232.9,NORMAL,ST,Streg,False,31,49,1.005,0,0,0,0.0
Simon OMME,1232.7,NORMAL,HF,Højre fløj,False,41,42,1.007,0,0,0,0.0
Fabian SANDVEN,1232.6,NORMAL,HF,Højre fløj,False,26,55,1.002,0,0,0,0.0
Lukas GOLLER,1231.1,NORMAL,PL,Playmaker,False,18,49,1.004,0,0,0,0.0
Aljosa REZAR,1230.6,NORMAL,MV,Målvogter,True,39,39,0.999,349,23,808,30.2
Casper EBBESEN,1229.7,NORMAL,PL,Playmaker,False,29,74,1.004,0,0,0,0.0
Jacob LARSEN,1229.7,NORMAL,PL,Playmaker,False,25,67,1.0,0,0,0,0.0
Christian KØHLER,1229.6,NORMAL,HF,Højre fløj,False,22,45,1.003,0,0,0,0.0
Marcus NORRBRINK,1229.3,NORMAL,HF,Højre fløj,False,31,62,1.003,0,0,0,0.0
Simon JENSEN,1228.3,NORMAL,HF,Højre fløj,False,17,28,1.007,0,0,0,0.0
Andreas Bohl DAMGAARD,1228.2,NORMAL,HF,Højre fløj,False,25,41,1.006,0,0,0,0.0
Simon Damgaard JENSEN,1227.6,NORMAL,VF,Venstre fløj,False,18,28,1.007,0,0,0,0.0
Jens Kromann MØLLER,1227.5,NORMAL,HF,Højre fløj,False,34,34,1.002,0,0,0,0.0
Victor ILSØE,1227.1,NORMAL,HF,Højre fløj,False,30,31,1.005,0,0,0,0.0
Anders JUHL ZACHARIASSEN,1226.9,NORMAL,HF,Højre fløj,False,33,52,1.002,0,0,0,0.0
Rasmus Madsbøll WENNEKE,1226.6,NORMAL,VF,Venstre fløj,False,22,42,1.004,0,0,0,0.0
Viktor VLASTOS,1225.7,NORMAL,HF,Højre fløj,False,34,34,1.008,0,0,0,0.0
Andreas DYSSEHOLM,1225.6,NORMAL,HF,Højre fløj,False,27,27,1.004,0,0,0,0.0
Arnar Birkir HALFDANSSON,1225.2,NORMAL,HF,Højre fløj,False,17,29,1.01,0,0,0,0.0
Tobias Gregers SCHMIDT,1225.0,NORMAL,HF,Højre fløj,False,39,63,1.0,0,0,0,0.0
Simen Nicolay SCHØNNINGSEN1,1225.0,NORMAL,HF,Højre fløj,False,12,22,1.007,0,0,0,0.0
Sune ØSTERGAARD IVERSENAssist,1224.6,NORMAL,HF,Højre fløj,False,11,26,1.005,0,0,0,0.0
Victor SKILLHAMMAR,1224.0,NORMAL,HF,Højre fløj,False,29,41,0.999,0,0,0,0.0
Andreas AAGREEN,1224.0,NORMAL,HF,Højre fløj,False,29,29,1.007,0,0,0,0.0
Knud RONAU,1224.0,NORMAL,HF,Højre fløj,False,17,35,1.003,0,0,0,0.0
Magnus SADOVA,1223.7,NORMAL,VF,Venstre fløj,False,24,42,1.004,0,0,0,0.0
Rasmus THIEMER-JENSEN,1223.5,NORMAL,HF,Højre fløj,False,78,109,1.002,0,0,0,0.0
Jeppe Faurholt HAUSKOV,1223.4,NORMAL,HF,Højre fløj,False,22,24,1.008,0,0,0,0.0
Gustav SUNESEN,1223.3,NORMAL,HF,Højre fløj,False,32,55,1.002,0,0,0,0.0
Valdemar GRAVESEN,1223.0,NORMAL,HF,Højre fløj,False,16,24,1.006,0,0,0,0.0
Nicolai Koch HANSEN,1222.8,NORMAL,HF,Højre fløj,False,15,28,1.013,0,0,0,0.0
Tandri Már KONRÁÐSSON,1222.5,NORMAL,HF,Højre fløj,False,59,80,1.002,0,0,0,0.0
Andreas Søgaard RASMUSSENAssist,1222.3,NORMAL,ST,Streg,False,16,22,1.004,0,0,0,0.0
Jakob J JESSEN,1222.1,NORMAL,HF,Højre fløj,False,14,31,1.009,0,0,0,0.0
Thomas Alfred SOLSTAD,1221.7,NORMAL,HF,Højre fløj,False,29,44,1.0,0,0,0,0.0
Julius MØRCH-RASMUSSEN,1221.3,NORMAL,HF,Højre fløj,False,23,43,1.006,0,0,0,0.0
Frederik Bech JENSEN,1221.2,NORMAL,HF,Højre fløj,False,12,22,1.002,0,0,0,0.0
Oscar VON OETTINGEN,1221.2,NORMAL,HF,Højre fløj,False,27,36,1.005,0,0,0,0.0
Victor Amnitzbøll NORLYK,1221.0,NORMAL,HF,Højre fløj,False,18,28,1.006,0,0,0,0.0
Anton LAURSEN,1221.0,NORMAL,HF,Højre fløj,False,41,80,1.002,0,0,0,0.0
Andreas Sørensen HAMPE,1220.7,NORMAL,HF,Højre fløj,False,14,44,1.001,0,0,0,0.0
Kristian Faurholt Lohmann OLSEN,1220.2,NORMAL,HF,Højre fløj,False,15,27,1.004,0,0,0,0.0
Niels DAHL,1220.2,NORMAL,HF,Højre fløj,False,28,49,1.002,0,0,0,0.0
Jonas HERMANNSEN,1220.0,NORMAL,HF,Højre fløj,False,22,29,1.003,0,0,0,0.0
Tobias RASMUSSEN,1219.9,NORMAL,HF,Højre fløj,False,12,32,1.005,0,0,0,0.0
Kristian RAMMEL,1219.7,NORMAL,HF,Højre fløj,False,33,61,1.003,0,0,0,0.0
Hermann Gabriel VILDALEN,1219.6,NORMAL,HF,Højre fløj,False,14,36,1.004,0,0,0,0.0
Søren Tau SØRENSEN,1219.5,NORMAL,HF,Højre fløj,False,52,83,1.001,0,0,0,0.0
Victor LYNGSØ,1219.5,NORMAL,ST,Streg,False,20,23,1.002,0,0,0,0.0
Johan Thesbjerg KOFOED,1219.4,NORMAL,PL,Playmaker,False,11,31,1.005,0,0,0,0.0
Lasse JUSTESEN,1219.4,NORMAL,HF,Højre fløj,False,29,32,1.002,0,0,0,0.0
Simon KIRKEGAARD,1219.2,NORMAL,HF,Højre fløj,False,22,27,1.004,0,0,0,0.0
Árni Bragi EYJÓLFSSON,1219.2,NORMAL,HF,Højre fløj,False,20,26,1.006,0,0,0,0.0
Georgi Arvelodi DIKHAMINJIA,1218.8,NORMAL,HF,Højre fløj,False,26,56,1.004,0,0,0,0.0
Rasmus Kaagaard ANDERSEN,1218.7,NORMAL,PL,Playmaker,False,12,31,1.004,0,0,0,0.0
Kasper EMIL KILDELUND,1218.7,NORMAL,HF,Højre fløj,False,25,26,1.002,0,0,0,0.0
Drasko NENADIC,1218.3,NORMAL,PL,Playmaker,False,16,33,1.002,0,0,0,0.0
Viktor Siersbæk BERGHOLT,1218.1,NORMAL,VF,Venstre fløj,False,11,22,1.006,0,0,0,0.0
Dines KJELDGAARD,1218.0,NORMAL,HF,Højre fløj,False,16,27,1.005,0,0,0,0.0
Kaare Ravn LARSEN,1218.0,NORMAL,VF,Venstre fløj,False,13,21,1.006,0,0,0,0.0
Emil La Cour ANDERSEN,1217.9,NORMAL,HF,Højre fløj,False,15,25,1.004,0,0,0,0.0
Daniel Astrup PEDERSEN,1217.6,NORMAL,ST,Streg,False,17,31,0.999,0,0,0,0.0
Mads LAURIDSEN,1217.6,NORMAL,HF,Højre fløj,False,19,20,1.007,0,0,0,0.0
Mathias SMED,1217.6,NORMAL,HF,Højre fløj,False,259,273,0.997,0,0,0,0.0
Bertram OBLING,1217.3,NORMAL,MV,Målvogter,True,12,12,1.005,185,13,429,30.1
Tobias LANTZ-PEDERSEN,1217.2,NORMAL,MV,Målvogter,True,46,46,0.998,118,5,344,25.5
Gustav Russel FALHOLT,1216.9,NORMAL,HF,Højre fløj,False,14,29,1.009,0,0,0,0.0
Nicklas Bjørn VASSVIK,1216.8,NORMAL,HF,Højre fløj,False,23,31,0.999,0,0,0,0.0
Nichlas Hald CHRISTENSEN,1216.6,NORMAL,HF,Højre fløj,False,13,28,1.008,0,0,0,0.0
Dennis Staunstrup KIRKEGAARD,1216.5,NORMAL,HF,Højre fløj,False,17,18,1.004,0,0,0,0.0
Thomas OESEN,1216.4,NORMAL,PL,Playmaker,False,17,29,1.002,0,0,0,0.0
Marinus Grandahl MUNK,1216.4,NORMAL,HF,Højre fløj,False,11,21,1.009,0,0,0,0.0
Torsten LAEN,1216.4,NORMAL,HF,Højre fløj,False,62,72,1.003,0,0,0,0.0
Marius FERKINGSTAD,1216.3,NORMAL,ST,Streg,False,12,21,1.002,0,0,0,0.0
Jacob Bro SØRENSEN,1216.0,NORMAL,HF,Højre fløj,False,24,28,1.005,0,0,0,0.0
Amadeus HEDIN,1216.0,NORMAL,HF,Højre fløj,False,12,28,1.001,0,0,0,0.0
Andreas Bech ELBÆK,1216.0,NORMAL,HF,Højre fløj,False,9,20,1.01,0,0,0,0.0
Mathias Gliese JENSEN,1216.0,NORMAL,HF,Højre fløj,False,20,22,1.005,0,0,0,0.0
Marcus HOLMÉN,1215.9,NORMAL,MV,Målvogter,True,31,31,1.002,125,4,337,27.1
Marcus RAHBEK,1215.8,NORMAL,VF,Venstre fløj,False,10,24,1.005,0,0,0,0.0
Joachim Møller JACOBSEN,1215.7,NORMAL,HF,Højre fløj,False,54,81,1.001,0,0,0,0.0
Oscar LYKKE,1214.8,NORMAL,HF,Højre fløj,False,12,16,1.006,0,0,0,0.0
Rasmus HOUMØLLER,1214.6,NORMAL,ST,Streg,False,12,19,1.005,0,0,0,0.0
Morten VIUM,1214.4,NORMAL,HF,Højre fløj,False,15,16,1.007,0,0,0,0.0
Lasse HØJGAARD,1214.3,NORMAL,VF,Venstre fløj,False,16,29,1.004,0,0,0,0.0
Sebastian ØRUM,1213.8,NORMAL,HF,Højre fløj,False,18,34,1.0,0,0,0,0.0
Troels VEJBY JØRGENSEN,1213.8,NORMAL,HF,Højre fløj,False,22,40,1.004,0,0,0,0.0
Michael Krohn THØGERSEN,1213.7,NORMAL,HF,Højre fløj,False,25,25,1.004,0,0,0,0.0
Arnór VIÐARSSON,1213.7,NORMAL,HF,Højre fløj,False,11,14,1.009,0,0,0,0.0
Kristian Lund VUKMAN,1213.3,NORMAL,VB,Venstre back,False,3,13,1.014,0,0,0,0.0
Frederik Kjær ANDERSSON,1213.1,NORMAL,MV,Målvogter,True,21,21,1.0,216,8,537,28.7
Christian NIM,1213.1,NORMAL,HF,Højre fløj,False,24,29,1.003,0,0,0,0.0
Johan NILSSON,1213.0,NORMAL,HF,Højre fløj,False,38,52,0.999,0,0,0,0.0
Lukas KARLSKOV,1212.9,NORMAL,HF,Højre fløj,False,30,37,1.001,0,0,0,0.0
Rasmus MADSBØLL WENNEKE,1212.9,NORMAL,VF,Venstre fløj,False,9,12,1.004,0,0,0,0.0
Magnus VEJSGAARD,1212.6,NORMAL,HF,Højre fløj,False,15,16,1.006,0,0,0,0.0
Magnus Storgaard PEDERSEN,1212.5,NORMAL,HF,Højre fløj,False,13,13,1.006,0,0,0,0.0
Jonathan Mosbæk Tønning WÜRTZ,1212.5,NORMAL,HF,Højre fløj,False,16,26,1.001,0,0,0,0.0
Hans Lindeborg HOLST,1212.2,NORMAL,VF,Venstre fløj,False,9,14,1.007,0,0,0,0.0
Mathias DAUGÅRD,1212.2,NORMAL,VF,Venstre fløj,False,14,22,1.004,0,0,0,0.0
Jeppe Månson CIESLAK,1212.0,NORMAL,HF,Højre fløj,False,6,8,1.01,0,0,0,0.0
Joshua Krohn GRACE,1211.9,NORMAL,HB,Højre back,False,11,27,0.998,0,0,0,0.0
Jonas JEPSEN,1211.8,NORMAL,HF,Højre fløj,False,16,21,1.004,0,0,0,0.0
Nicolas Lundbye KRISTIANSEN12,1211.8,NORMAL,ST,Streg,False,7,13,1.006,0,0,0,0.0
Daniel SØRENSEN,1211.8,NORMAL,HF,Højre fløj,False,16,16,1.004,0,0,0,0.0
Jacob Holk NIELSEN,1211.7,NORMAL,PL,Playmaker,False,18,33,1.001,0,0,0,0.0
Malthe HEJSEL,1211.6,NORMAL,HF,Højre fløj,False,21,26,1.001,0,0,0,0.0
Jacob Mikkel HANSEN,1211.6,NORMAL,HF,Højre fløj,False,16,16,1.01,0,0,0,0.0
Kasper PEDERSEN,1211.3,NORMAL,HF,Højre fløj,False,18,23,1.003,0,0,0,0.0
Marcus STROUSTRUP,1211.2,NORMAL,HF,Højre fløj,False,20,22,1.004,0,0,0,0.0
Alexander Engholm NIELSEN,1211.0,NORMAL,HF,Højre fløj,False,16,19,1.004,0,0,0,0.0
Mads HOÉ JØRGENSEN,1211.0,NORMAL,HF,Højre fløj,False,10,18,1.009,0,0,0,0.0
Jeppe HANSEN,1210.8,NORMAL,HF,Højre fløj,False,7,14,1.004,0,0,0,0.0
Marcus CLEVERLY,1210.8,NORMAL,MV,Målvogter,True,9,9,1.004,98,0,288,25.4
Gøran Søgaard JOHANNESEN12,1210.8,NORMAL,ST,Streg,False,5,9,1.007,0,0,0,0.0
Lasse Mathias PEDERSEN,1210.7,NORMAL,HF,Højre fløj,False,19,28,1.003,0,0,0,0.0
Mikkel Sandholm MORTENSEN,1210.6,NORMAL,HF,Højre fløj,False,14,16,1.004,0,0,0,0.0
Rasmus Nissen HENRIKSEN,1210.6,NORMAL,MV,Målvogter,True,6,6,1.014,15,1,33,31.2
Frederik JÆGERUM,1210.4,NORMAL,VF,Venstre fløj,False,6,10,1.005,0,0,0,0.0
Mathias MAILAND,1210.4,NORMAL,HF,Højre fløj,False,20,27,1.001,0,0,0,0.0
Troels Vejby JØRGENSEN,1210.4,NORMAL,HF,Højre fløj,False,13,20,1.003,0,0,0,0.0
0,1210.3,NORMAL,HF,Højre fløj,False,10,10,1.005,0,0,0,0.0
Emil TONNESEN,1210.3,NORMAL,HF,Højre fløj,False,12,20,1.004,0,0,0,0.0
Nicklas Bjerre PETERSEN,1210.0,NORMAL,HF,Højre fløj,False,8,14,1.005,0,0,0,0.0
Andreas Frederik Flensted OLSEN,1210.0,NORMAL,HF,Højre fløj,False,14,37,1.005,0,0,0,0.0
Thrainn Orri JONSSON,1210.0,NORMAL,HF,Højre fløj,False,9,17,1.005,0,0,0,0.0
Gøran Søgaard JOHANNESENRetur,1209.8,NORMAL,HF,Højre fløj,False,4,9,1.007,0,0,0,0.0
Emil NIELSEN,1209.8,NORMAL,MV,Målvogter,True,19,19,1.003,683,15,1214,36.0
Sebastian JENSEN,1209.7,NORMAL,HF,Højre fløj,False,11,19,1.004,0,0,0,0.0
Mike JENSEN,1209.6,NORMAL,MV,Målvogter,True,17,17,0.998,514,10,1193,30.1
Steffan KJER HØI,1209.6,NORMAL,HF,Højre fløj,False,15,15,1.003,0,0,0,0.0
Rasmus Ravn PEDERSEN,1209.5,NORMAL,VF,Venstre fløj,False,4,7,1.005,0,0,0,0.0
Lucas REHFUS,1209.5,NORMAL,HF,Højre fløj,False,8,14,1.006,0,0,0,0.0
Jacob LYCK,1209.4,NORMAL,VB,Venstre back,False,7,16,1.005,0,0,0,0.0
Rõi Berg HANSEN,1209.3,NORMAL,VF,Venstre fløj,False,6,11,1.008,0,0,0,0.0
Simon Bogetoft PYTLICK,1209.3,NORMAL,HF,Højre fløj,False,15,25,1.002,0,0,0,0.0
Jeppe VILLUMSEN,1209.0,NORMAL,HF,Højre fløj,False,32,32,1.0,0,0,0,0.0
Felix KASCH,1209.0,NORMAL,HF,Højre fløj,False,7,18,1.007,0,0,0,0.0
Thomas CHRISTENSEN,1208.9,NORMAL,HB,Højre back,False,6,16,1.003,0,0,0,0.0
Nicolas Lundbye KRISTIANSENRetur,1208.8,NORMAL,HF,Højre fløj,False,5,10,1.006,0,0,0,0.0
Ole EREVIK,1208.7,NORMAL,MV,Målvogter,True,12,12,0.998,476,9,931,33.8
Jakob Vive RASMUSSEN,1208.6,NORMAL,MV,Målvogter,False,5,9,1.01,0,0,0,0.0
Simon OSTERSEN,1208.6,NORMAL,HF,Højre fløj,False,12,14,1.007,0,0,0,0.0
Mads KRAGH THOMSEN,1208.6,NORMAL,HF,Højre fløj,False,23,37,1.001,0,0,0,0.0
Emil Darling SØRENSEN,1208.5,NORMAL,HF,Højre fløj,False,6,14,1.006,0,0,0,0.0
Peter JOHANNESSON,1208.2,NORMAL,MV,Målvogter,True,12,12,1.005,195,9,458,29.9
Thomas Sommer ARNOLDSEN,1208.1,NORMAL,VB,Venstre back,False,4,10,1.004,0,0,0,0.0
Daniel Nygaard LUND,1207.9,NORMAL,HF,Højre fløj,False,8,14,1.0,0,0,0,0.0
Emil Foldager JENSEN,1207.9,NORMAL,HF,Højre fløj,False,17,21,1.002,0,0,0,0.0
Jesper REDLEFSEN,1207.7,NORMAL,HF,Højre fløj,False,9,12,1.005,0,0,0,0.0
Oliver Baadsgaard BONDROP,1207.6,NORMAL,HF,Højre fløj,False,27,38,1.004,0,0,0,0.0
Simon Sejer KRISTENSEN,1207.5,NORMAL,VF,Venstre fløj,False,4,7,1.009,0,0,0,0.0
Frederik NØRBJERG,1207.5,NORMAL,VF,Venstre fløj,False,5,10,1.004,0,0,0,0.0
Daniel LUND,1207.5,NORMAL,HF,Højre fløj,False,7,7,1.005,0,0,0,0.0
Lucas Lenler GARSDAL,1207.5,NORMAL,HF,Højre fløj,False,9,14,1.003,0,0,0,0.0
Nikolaj Juhl PETERSEN,1207.5,NORMAL,HF,Højre fløj,False,10,20,1.004,0,0,0,0.0
Malte Johannes PEDERSEN,1207.4,NORMAL,PL,Playmaker,False,3,7,1.007,0,0,0,0.0
Gudmundur Bragi ASTPARSSON1,1207.3,NORMAL,ST,Streg,False,3,5,1.01,0,0,0,0.0
Oliver TESGAARD,1207.3,NORMAL,PL,Playmaker,False,11,18,1.003,0,0,0,0.0
Magnus BOYSEN,1207.3,NORMAL,HF,Højre fløj,False,10,13,1.004,0,0,0,0.0
Simo ŠIJAN,1207.3,NORMAL,HF,Højre fløj,False,12,19,1.0,0,0,0,0.0
Christian Stoklund WACHER,1206.8,NORMAL,HF,Højre fløj,False,11,18,1.006,0,0,0,0.0
Mathias KRAGH,1206.8,NORMAL,HF,Højre fløj,False,6,11,1.002,0,0,0,0.0
Krister Skarsvaag MIDTFLÅ,1206.8,NORMAL,HF,Højre fløj,False,2,4,1.011,0,0,0,0.0
Nicolas Lundbye KRISTIANSEN16,1206.7,NORMAL,ST,Streg,False,6,7,1.005,0,0,0,0.0
Jacob KÜHNE,1206.7,NORMAL,HF,Højre fløj,False,7,17,1.001,0,0,0,0.0
Andreas THOMSEN,1206.5,NORMAL,HF,Højre fløj,False,15,23,1.001,0,0,0,0.0
Lukas LINDHARD JØRGENSEN,1206.5,NORMAL,HF,Højre fløj,False,5,8,1.005,0,0,0,0.0
Marius Malthesen HIORTH,1206.4,NORMAL,HF,Højre fløj,False,9,13,1.002,0,0,0,0.0
Forårs. str.,1206.4,NORMAL,HF,Højre fløj,False,14,14,1.003,0,0,0,0.0
Max HÖNING,1206.4,NORMAL,HF,Højre fløj,False,7,11,1.004,0,0,0,0.0
Morten LAUGESEN JØRGENSEN,1206.4,NORMAL,HF,Højre fløj,False,4,4,1.011,0,0,0,0.0
Jakob JESSEN,1206.3,NORMAL,HF,Højre fløj,False,6,10,1.005,0,0,0,0.0
Simon Ellersgaard BIRKEFELDT16,1206.2,NORMAL,HF,Højre fløj,False,4,7,1.006,0,0,0,0.0
Simon Ellersgaard BIRKEFELDT1,1206.1,NORMAL,ST,Streg,False,3,5,1.008,0,0,0,0.0
William ANDERSSON MOBERG64,1206.0,NORMAL,HF,Højre fløj,False,2,4,1.01,0,0,0,0.0
Nicklas Bertram SELVIG,1205.9,NORMAL,HF,Højre fløj,False,11,14,0.999,0,0,0,0.0
Thomas PETERSEN,1205.7,NORMAL,HF,Højre fløj,False,9,11,1.003,0,0,0,0.0
Mikkel TØNNERS,1205.6,NORMAL,MV,Målvogter,True,6,6,1.008,133,13,296,31.0
Amadeus Rittermar HEDIN,1205.5,NORMAL,HF,Højre fløj,False,6,13,1.0,0,0,0,0.0
Søren Willette PEDERSEN,1205.5,NORMAL,MV,Målvogter,True,2,2,1.0,34,9,84,28.8
Nikolai Max KLØIGAARD,1205.4,NORMAL,HF,Højre fløj,False,7,7,1.007,0,0,0,0.0
Tobias WETZEL,1205.4,NORMAL,ST,Streg,False,7,10,1.004,0,0,0,0.0
Jesper SØRENSEN,1205.4,NORMAL,MV,Målvogter,True,6,6,1.004,147,5,474,23.7
Silas Aarestrup FRANK,1205.4,NORMAL,HF,Højre fløj,False,4,4,1.009,0,0,0,0.0
Daniel JØRGENSEN,1205.4,NORMAL,HF,Højre fløj,False,8,12,1.001,0,0,0,0.0
Jacob Groes HANSEN,1205.3,NORMAL,HF,Højre fløj,False,5,5,1.007,0,0,0,0.0
Emil BLIGAARD,1205.3,NORMAL,HF,Højre fløj,False,7,7,1.004,0,0,0,0.0
Mads Kjeldgaard ANDERSEN Retur,1205.2,NORMAL,PL,Playmaker,False,2,7,1.005,0,0,0,0.0
Lukas SANDGAARD,1205.2,NORMAL,ST,Streg,False,6,7,1.003,0,0,0,0.0
Mads Byskov Høj JENSEN,1205.2,NORMAL,HF,Højre fløj,False,9,19,1.004,0,0,0,0.0
Emil HANSEN,1205.2,NORMAL,PL,Playmaker,False,3,6,1.007,0,0,0,0.0
Leo MARTINÉZ,1205.2,NORMAL,HF,Højre fløj,False,17,19,1.0,0,0,0,0.0
William ANDERSSON MOBERG1,1205.2,NORMAL,HF,Højre fløj,False,2,5,1.007,0,0,0,0.0
Sander JUEL,1205.1,NORMAL,ST,Streg,False,4,10,1.004,0,0,0,0.0
Laurenz KLUTH,1205.1,NORMAL,HF,Højre fløj,False,6,7,1.002,0,0,0,0.0
Anders THOMASSEN,1205.0,NORMAL,HF,Højre fløj,False,8,9,1.003,0,0,0,0.0
Magnus Storgaard PEDERSENAssist,1205.0,NORMAL,HF,Højre fløj,False,6,6,1.005,0,0,0,0.0
Kristian LARSEN,1205.0,NORMAL,HF,Højre fløj,False,4,8,1.005,0,0,0,0.0
Rasmus SANDHOLM,1204.9,NORMAL,PL,Playmaker,False,2,3,1.01,0,0,0,0.0
Jon Katballe CHRISTENSEN,1204.9,NORMAL,HF,Højre fløj,False,9,15,1.001,0,0,0,0.0
Jeppe BANGSHØI,1204.9,NORMAL,VF,Venstre fløj,False,2,4,1.007,0,0,0,0.0
Frederik Elmkjær HANSEN,1204.8,NORMAL,PL,Playmaker,False,4,8,1.002,0,0,0,0.0
Mikkel EBELING,1204.8,NORMAL,VF,Venstre fløj,False,6,8,1.003,0,0,0,0.0
Nikolaj Haagen PYTLICK,1204.8,NORMAL,HF,Højre fløj,False,6,8,1.001,0,0,0,0.0
Mikkel Wager NIELSEN,1204.8,NORMAL,ST,Streg,False,3,6,1.006,0,0,0,0.0
Aleksander Selmar PEDERSEN,1204.7,NORMAL,HF,Højre fløj,False,11,16,1.004,0,0,0,0.0
Sofus Emil Haar MOSE,1204.6,NORMAL,ST,Streg,False,7,10,1.005,0,0,0,0.0
Bertram SIMONSEN,1204.6,NORMAL,VB,Venstre back,False,2,4,1.007,0,0,0,0.0
Mads Aarhus LAURIDSEN,1204.5,NORMAL,HF,Højre fløj,False,3,3,1.01,0,0,0,0.0
Pelle Mørk ANDERSEN,1204.5,NORMAL,HF,Højre fløj,False,7,12,1.002,0,0,0,0.0
Anton HOUE,1204.5,NORMAL,HF,Højre fløj,False,10,13,1.001,0,0,0,0.0
Christoffer Hoffmann BONDE,1204.4,NORMAL,MV,Målvogter,True,15,15,0.998,263,9,493,34.8
Andreas Tesgaard NIELSEN,1204.3,NORMAL,HF,Højre fløj,False,13,19,1.005,0,0,0,0.0
Sebastian RISTORP BERTELSEN,1204.3,NORMAL,HF,Højre fløj,False,4,4,1.007,0,0,0,0.0
Gøran Søgaard JOHANNESENAssist,1204.3,NORMAL,PL,Playmaker,False,2,3,1.009,0,0,0,0.0
Simon Rønnest SKADHAUGE,1204.2,NORMAL,HF,Højre fløj,False,2,4,1.007,0,0,0,0.0
Lukas JENSEN-HOLM,1204.2,NORMAL,HF,Højre fløj,False,5,5,1.006,0,0,0,0.0
Oliver Sigurd NIELSEN,1204.2,NORMAL,HF,Højre fløj,False,4,7,1.005,0,0,0,0.0
12,1204.2,NORMAL,MV,Målvogter,False,2,2,1.0,0,0,0,0.0
Lukas EICHWALD,1204.2,NORMAL,HF,Højre fløj,False,5,5,1.005,0,0,0,0.0
Sebastian AUGUSTINUSSEN Retur,1204.1,NORMAL,HF,Højre fløj,False,2,2,1.0,0,0,0,0.0
Jacob Bjørn HESSELLUND,1204.1,NORMAL,VF,Venstre fløj,False,4,5,1.005,0,0,0,0.0
Viktor AHLSTRAND,1204.1,NORMAL,HF,Højre fløj,False,8,14,1.003,0,0,0,0.0
Mathias GJESTRUD,1204.0,NORMAL,HF,Højre fløj,False,16,25,1.004,0,0,0,0.0
Rune OHM,1203.9,NORMAL,HB,Højre back,False,5,10,1.004,0,0,0,0.0
Magnus Vejsgaard BUGTRUP,1203.9,NORMAL,HF,Højre fløj,False,5,5,1.005,0,0,0,0.0
Palle HANSEN,1203.9,NORMAL,PL,Playmaker,False,10,19,1.004,0,0,0,0.0
Frederik HOVGAARD,1203.8,NORMAL,HF,Højre fløj,False,4,4,1.006,0,0,0,0.0
Morten KIRKEBY,1203.8,NORMAL,HF,Højre fløj,False,4,6,1.005,0,0,0,0.0
Mikkel OLSEN,1203.7,NORMAL,HF,Højre fløj,False,3,3,1.008,0,0,0,0.0
Mathias Høyer MOSEL,1203.7,NORMAL,MV,Målvogter,True,3,3,1.008,82,0,186,30.6
Casper CHRISTENSEN,1203.7,NORMAL,HF,Højre fløj,False,24,32,1.003,0,0,0,0.0
Joachim Møller JAKOBSEN,1203.7,NORMAL,HF,Højre fløj,False,18,31,1.006,0,0,0,0.0
Marcus Midtgaard SØRENSENAssist,1203.6,NORMAL,HF,Højre fløj,False,3,3,1.007,0,0,0,0.0
Nicolai SNOGDAL,1203.6,NORMAL,VF,Venstre fløj,False,6,8,1.002,0,0,0,0.0
Jacob JENSEN,1203.6,NORMAL,HF,Højre fløj,False,2,4,1.006,0,0,0,0.0
Marcus KLØVE,1203.6,NORMAL,HF,Højre fløj,False,2,3,1.007,0,0,0,0.0
Carl BÜCHMANN,1203.6,NORMAL,ST,Streg,False,3,3,1.008,0,0,0,0.0
Frederik WEBER,1203.5,NORMAL,HF,Højre fløj,False,6,6,1.003,0,0,0,0.0
Magnus PLANT,1203.5,NORMAL,HF,Højre fløj,False,6,6,1.004,0,0,0,0.0
Mikkel Sandholm MORTENSENAssist,1203.4,NORMAL,HF,Højre fløj,False,4,4,1.005,0,0,0,0.0
Mads Rønbjerg PEDERSEN,1203.4,NORMAL,VF,Venstre fløj,False,2,4,1.006,0,0,0,0.0
Malthe VIBE,1203.4,NORMAL,HF,Højre fløj,False,3,5,1.004,0,0,0,0.0
Jonas Hvirvelkær RAUNDAHL,1203.4,NORMAL,ST,Streg,False,5,7,1.003,0,0,0,0.0
Mikkel PALMER,1203.3,NORMAL,HF,Højre fløj,False,24,38,0.998,0,0,0,0.0
Matthias Birkkjær PEDERSEN,1203.3,NORMAL,HF,Højre fløj,False,3,5,1.004,0,0,0,0.0
Rasmus Kaagaard ANDERSEN16,1203.2,NORMAL,VF,Venstre fløj,False,2,4,1.005,0,0,0,0.0
Martin NAGY,1203.2,NORMAL,MV,Målvogter,True,1,1,1.0,24,0,44,35.3
Rasmus Sylvester MØRUP,1203.2,NORMAL,HF,Højre fløj,False,4,5,1.004,0,0,0,0.0
William ANDERSSON MOBERG12,1203.1,NORMAL,ST,Streg,False,2,4,1.005,0,0,0,0.0
Lasse Vuust ANDERSEN,1203.1,NORMAL,MV,Målvogter,True,1,1,1.0,15,1,58,20.5
Peter LAUSTEN,1203.0,NORMAL,HF,Højre fløj,False,4,8,1.003,0,0,0,0.0
Hans-Christian LUND,1203.0,NORMAL,HF,Højre fløj,False,6,6,1.002,0,0,0,0.0
Silas OVERBY,1203.0,NORMAL,HF,Højre fløj,False,15,22,0.998,0,0,0,0.0
Anton Fredslund PEDERSEN,1202.9,NORMAL,HF,Højre fløj,False,4,5,1.003,0,0,0,0.0
Magnus Møland SØNNICHSEN,1202.9,NORMAL,HF,Højre fløj,False,4,4,1.004,0,0,0,0.0
Simon LINDVED,1202.9,NORMAL,VF,Venstre fløj,False,2,3,1.006,0,0,0,0.0
Anders CHRISTIANSEN,1202.9,NORMAL,ST,Streg,False,2,2,1.0,0,0,0,0.0
Nikolaj Risbjerg LARSSON,1202.8,NORMAL,HF,Højre fløj,False,2,3,1.006,0,0,0,0.0
Jeppe JONASSON,1202.8,NORMAL,HF,Højre fløj,False,8,8,1.002,0,0,0,0.0
Frederik HANSEN,1202.7,NORMAL,HF,Højre fløj,False,2,2,1.0,0,0,0,0.0
Lasse DOHM,1202.7,NORMAL,ST,Streg,False,1,2,1.0,0,0,0,0.0
Amandus VATNEDAL,1202.7,NORMAL,HF,Højre fløj,False,3,7,1.001,0,0,0,0.0
Christian LORENTZEN,1202.6,NORMAL,VF,Venstre fløj,False,3,5,1.003,0,0,0,0.0
Kasper Dahl JACOBSEN,1202.6,NORMAL,VF,Venstre fløj,False,2,2,1.0,0,0,0,0.0
William ANDERSSON MOBERG16,1202.6,NORMAL,ST,Streg,False,1,2,1.0,0,0,0,0.0
Oscar BJERRING,1202.6,NORMAL,VF,Venstre fløj,False,1,2,1.0,0,0,0,0.0
Simon Ellersgaard BIRKEFELDT12,1202.6,NORMAL,HF,Højre fløj,False,2,3,1.005,0,0,0,0.0
Martin Søborg RASMUSSEN,1202.5,NORMAL,HF,Højre fløj,False,2,2,1.0,0,0,0,0.0
Mikkel LUND,1202.5,NORMAL,HF,Højre fløj,False,5,5,1.003,0,0,0,0.0
Christoffer MÛNSTER,1202.5,NORMAL,HF,Højre fløj,False,3,3,1.005,0,0,0,0.0
Mads Emil MØLLER,1202.5,NORMAL,ST,Streg,False,2,2,1.0,0,0,0,0.0
Torbjörn SITTRUP BERGERUD16,1202.5,NORMAL,HF,Højre fløj,False,4,4,1.004,0,0,0,0.0
Andreas Søgaard RASMUSSENRetur,1202.5,NORMAL,ST,Streg,False,3,3,1.005,0,0,0,0.0
Simon Ellersgaard BIRKEFELDTRetur,1202.5,NORMAL,PL,Playmaker,False,4,7,1.002,0,0,0,0.0
Mads JØRGENSEN,1202.4,NORMAL,PL,Playmaker,False,1,2,1.0,0,0,0,0.0
Rasmus WINTHER,1202.4,NORMAL,HF,Højre fløj,False,5,5,1.002,0,0,0,0.0
Kasper Fruerlund KRISTIANSENAssist,1202.4,NORMAL,HF,Højre fløj,False,2,2,1.0,0,0,0,0.0
Benjamin Rahbæk STRÆDE,1202.3,NORMAL,HF,Højre fløj,False,4,4,1.004,0,0,0,0.0
Henrik NORDLANDER,1202.3,NORMAL,MV,Målvogter,True,1,1,1.0,17,2,77,18.1
Patrick PEDERSEN,1202.3,NORMAL,HB,Højre back,False,3,8,1.001,0,0,0,0.0
Patrick MØLGAARD,1202.3,NORMAL,VF,Venstre fløj,False,2,2,1.0,0,0,0,0.0
Rune SØRENSEN,1202.3,NORMAL,HF,Højre fløj,False,3,4,1.004,0,0,0,0.0
Mikkel KJÆR MØLLER,1202.3,NORMAL,HF,Højre fløj,False,4,5,1.003,0,0,0,0.0
Gøran Søgaard JOHANNESEN16,1202.2,NORMAL,ST,Streg,False,1,2,1.0,0,0,0,0.0
Thomas Sommer ARNOLDSEN12,1202.2,NORMAL,VF,Venstre fløj,False,1,2,1.0,0,0,0,0.0
Andreas Knigge HYLLEBERG,1202.2,NORMAL,HF,Højre fløj,False,6,10,0.999,0,0,0,0.0
1,1202.2,NORMAL,HF,Højre fløj,False,1,1,1.0,0,0,0,0.0
Mikkel DAMGAARD,1202.2,NORMAL,HF,Højre fløj,False,4,6,1.002,0,0,0,0.0
Mikkel Lang RASMUSSEN,1202.1,NORMAL,HF,Højre fløj,False,5,5,1.003,0,0,0,0.0
Joakim Toft JENSEN,1202.1,NORMAL,MV,Målvogter,False,1,1,1.0,0,0,0,0.0
Torbjörn SITTRUP BERGERUD12,1202.1,NORMAL,HF,Højre fløj,False,3,3,1.005,0,0,0,0.0
Eske HEMMINGSEN,1202.1,NORMAL,MV,Målvogter,True,2,2,1.0,33,0,138,19.3
Anton PEDERSEN,1202.1,NORMAL,PL,Playmaker,False,2,5,1.003,0,0,0,0.0
Villas KARBO,1202.1,NORMAL,HF,Højre fløj,False,3,3,1.004,0,0,0,0.0
Aleksander SELMAR,1202.1,NORMAL,ST,Streg,False,1,2,1.0,0,0,0,0.0
William ANDERSSON MOBERGAssist,1202.1,NORMAL,HF,Højre fløj,False,2,3,1.005,0,0,0,0.0
Jacob HEINL,1202.1,NORMAL,HF,Højre fløj,False,67,85,1.001,0,0,0,0.0
Anders BEUSCHAU,1202.1,NORMAL,HF,Højre fløj,False,10,13,0.999,0,0,0,0.0
Mikkel LADEFOGED,1202.0,NORMAL,VF,Venstre fløj,False,2,4,1.003,0,0,0,0.0
Lasse Sunesen VILHELMSEN,1202.0,NORMAL,HF,Højre fløj,False,3,6,1.002,0,0,0,0.0
Torbjörn SITTRUP BERGERUD,1202.0,NORMAL,MV,Målvogter,True,3,3,1.004,366,0,582,38.6
Nicolas Lundbye KRISTIANSENAssist,1202.0,NORMAL,HF,Højre fløj,False,1,2,1.0,0,0,0,0.0
Daniel CHRISTENSEN,1201.9,NORMAL,HF,Højre fløj,False,1,1,1.0,0,0,0,0.0
Victor THOMADSEN,1201.9,NORMAL,PL,Playmaker,False,1,1,1.0,0,0,0,0.0
Andreas Søgaard RASMUSSEN1,1201.9,NORMAL,ST,Streg,False,1,2,1.0,0,0,0,0.0
Gustav PETERSEN,1201.9,NORMAL,HF,Højre fløj,False,2,3,1.004,0,0,0,0.0
Sebastian Hedegård HINNERUPAssist,1201.9,NORMAL,HF,Højre fløj,False,1,1,1.0,0,0,0,0.0
Frederik Nygård JESPERSEN,1201.9,NORMAL,HF,Højre fløj,False,2,3,1.004,0,0,0,0.0
Mathias Winther QVORTRUP,1201.9,NORMAL,VB,Venstre back,False,2,3,1.004,0,0,0,0.0
Morten DAHLGAARD,1201.9,NORMAL,HF,Højre fløj,False,3,3,1.004,0,0,0,0.0
Anders JUHL ZACHARIASSENAssist,1201.9,NORMAL,ST,Streg,False,2,2,1.0,0,0,0,0.0
Magnus LARSEN,1201.8,NORMAL,HF,Højre fløj,False,4,4,1.003,0,0,0,0.0
Oliver Juhl REFSGAARD,1201.8,NORMAL,HF,Højre fløj,False,4,4,1.003,0,0,0,0.0
Christian Bach SØNDERGAARD,1201.8,NORMAL,HF,Højre fløj,False,5,10,1.001,0,0,0,0.0
Mikkel Sandholm MORTENSENRetur,1201.8,NORMAL,HF,Højre fløj,False,2,2,1.0,0,0,0,0.0
Noah MUNK,1201.8,NORMAL,HF,Højre fløj,False,4,6,1.003,0,0,0,0.0
Kristian Tind KRISTENSEN,1201.7,NORMAL,ST,Streg,False,1,1,1.0,0,0,0,0.0
Lukas LINDHARD JØRGENSENAssist,1201.7,NORMAL,ST,Streg,False,1,1,1.0,0,0,0,0.0
Lucas Willenbrack HEDEGAARD,1201.7,NORMAL,HF,Højre fløj,False,1,1,1.0,0,0,0,0.0
Phillip PEDERSEN,1201.7,NORMAL,HF,Højre fløj,False,5,6,1.002,0,0,0,0.0
Patrick BOLS,1201.7,NORMAL,MV,Målvogter,True,49,49,0.998,186,11,446,29.4
Frederik CLAUSEN,1201.6,NORMAL,HF,Højre fløj,False,102,120,1.003,0,0,0,0.0
Marcus Midtgaard SØRENSEN30,1201.6,NORMAL,ST,Streg,False,1,1,1.0,0,0,0,0.0
Tobias Vestergaard BRANDT,1201.5,NORMAL,HF,Højre fløj,False,2,3,1.003,0,0,0,0.0
Oliver Tesgaard NIELSEN,1201.5,NORMAL,PL,Playmaker,False,1,2,1.0,0,0,0,0.0
Martin Kærgaard PEDERSEN Retur,1201.5,NORMAL,ST,Streg,False,1,1,1.0,0,0,0,0.0
Sune ØSTERGAARD IVERSENRetur,1201.5,NORMAL,HF,Højre fløj,False,1,1,1.0,0,0,0,0.0
Anders SELL,1201.5,NORMAL,VB,Venstre back,False,2,4,1.002,0,0,0,0.0
26,1201.5,NORMAL,HF,Højre fløj,False,2,2,1.0,0,0,0,0.0
Tobias Rysberg BAY,1201.5,NORMAL,VF,Venstre fløj,False,3,3,1.003,0,0,0,0.0
Jakob VILLEMOES LARSEN,1201.5,NORMAL,HF,Højre fløj,False,1,1,1.0,0,0,0,0.0
Simon Ellersgaard BIRKEFELDTAssist,1201.5,NORMAL,HF,Højre fløj,False,1,2,1.0,0,0,0,0.0
Retur,1201.4,NORMAL,HF,Højre fløj,False,2,2,1.0,0,0,0,0.0
Nichlas HJORTH,1201.4,NORMAL,HF,Højre fløj,False,3,4,1.003,0,0,0,0.0
Jonas Neve BYRRESEN,1201.4,NORMAL,HF,Højre fløj,False,3,5,1.002,0,0,0,0.0
Darri ARONSSON,1201.4,NORMAL,VB,Venstre back,False,1,2,1.0,0,0,0,0.0
August FRIDEN,1201.4,NORMAL,HF,Højre fløj,False,1,1,1.0,0,0,0,0.0
Nicolai Skytte SØRENSEN,1201.3,NORMAL,HF,Højre fløj,False,1,1,1.0,0,0,0,0.0
Jeppe BROMERHOLM,1201.3,NORMAL,VF,Venstre fløj,False,1,1,1.0,0,0,0,0.0
Thomas Sommer ARNOLDSEN30,1201.3,NORMAL,VF,Venstre fløj,False,1,1,1.0,0,0,0,0.0
Marcus Midtgaard SØRENSEN12,1201.3,NORMAL,HF,Højre fløj,False,1,1,1.0,0,0,0,0.0
Emil Vestergaard LARSEN,1201.3,NORMAL,VB,Venstre back,False,1,1,1.0,0,0,0,0.0
Mads STENSGÅRD,1201.3,NORMAL,HF,Højre fløj,False,1,1,1.0,0,0,0,0.0
30,1201.2,NORMAL,HF,Højre fløj,False,1,1,1.0,0,0,0,0.0
Andreas Julin BOCK,1201.2,NORMAL,VF,Venstre fløj,False,2,2,1.0,0,0,0,0.0
Viktor Fischer HÜTTEL,1201.2,NORMAL,VF,Venstre fløj,False,2,2,1.0,0,0,0,0.0
Marcus Midtgaard SØRENSENForårs. str.,1201.2,NORMAL,HF,Højre fløj,False,3,3,1.003,0,0,0,0.0
Oliver NIELSEN,1201.2,NORMAL,VB,Venstre back,False,1,1,1.0,0,0,0,0.0
Victor PARBST,1201.2,NORMAL,ST,Streg,False,2,3,1.002,0,0,0,0.0
Nicklas Kikkenborg JENSEN,1201.2,NORMAL,HF,Højre fløj,False,2,2,1.0,0,0,0,0.0
William SKOVSAGER,1201.2,NORMAL,HF,Højre fløj,False,3,6,1.001,0,0,0,0.0
Livio KLAUSEN,1201.1,NORMAL,HF,Højre fløj,False,2,3,1.002,0,0,0,0.0
Jeppe Dahl KJELDSEN,1201.1,NORMAL,VF,Venstre fløj,False,1,1,1.0,0,0,0,0.0
Nicklas HAMMER,1201.1,NORMAL,VF,Venstre fløj,False,1,2,1.0,0,0,0,0.0
Erik SKAT TIEDJE,1201.1,NORMAL,HF,Højre fløj,False,2,3,1.002,0,0,0,0.0
Casper Dohn JENSEN,1201.1,NORMAL,ST,Streg,False,1,1,1.0,0,0,0,0.0
Mads Bro SØRENSEN,1201.1,NORMAL,HF,Højre fløj,False,5,8,0.999,0,0,0,0.0
Sebastian Holler KANSTRUP,1201.0,NORMAL,HF,Højre fløj,False,1,1,1.0,0,0,0,0.0
Magnus ANDERSEN,1201.0,NORMAL,VF,Venstre fløj,False,1,1,1.0,0,0,0,0.0
Oskar Harkjær HARE,1201.0,NORMAL,HF,Højre fløj,False,2,2,1.0,0,0,0,0.0
Simon Ellersgaard BIRKEFELD,1201.0,NORMAL,HB,Højre back,False,1,2,1.0,0,0,0,0.0
Magnus Storgaard PEDERSEN16,1201.0,NORMAL,HF,Højre fløj,False,1,1,1.0,0,0,0,0.0
Benjamin Østermark JØRGENSEN,1201.0,NORMAL,HF,Højre fløj,False,5,5,1.001,0,0,0,0.0
Jeppe Kudsk JAKOBSEN,1201.0,NORMAL,HF,Højre fløj,False,1,1,1.0,0,0,0,0.0
Mikkel PREHN,1200.9,NORMAL,ST,Streg,False,4,7,1.002,0,0,0,0.0
Chrisitan SLOTH,1200.9,NORMAL,VF,Venstre fløj,False,2,3,1.002,0,0,0,0.0
Mads Emil Bayer LENBROCH Assist,1200.9,NORMAL,VF,Venstre fløj,False,1,1,1.0,0,0,0,0.0
Sander CHRISTENSEN,1200.9,NORMAL,HF,Højre fløj,False,3,3,1.002,0,0,0,0.0
Rasmus BILLE,1200.9,NORMAL,HF,Højre fløj,False,2,2,1.0,0,0,0,0.0
Christian Bach SØNDERGAARD12,1200.9,NORMAL,HF,Højre fløj,False,1,1,1.0,0,0,0,0.0
Andreas MØLLER,1200.9,NORMAL,ST,Streg,False,2,4,1.001,0,0,0,0.0
Jakob Maarth SKAKSEN,1200.9,NORMAL,MV,Målvogter,True,3,3,1.001,73,2,184,28.4
Rune Overlund SØRENSEN,1200.9,NORMAL,HF,Højre fløj,False,1,2,1.0,0,0,0,0.0
Mads HOUMØLLER,1200.9,NORMAL,ST,Streg,False,1,1,1.0,0,0,0,0.0
Hans LARSEN,1200.8,NORMAL,PL,Playmaker,False,2,2,1.0,0,0,0,0.0
William ANDERSSON MOBERGRetur,1200.8,NORMAL,HF,Højre fløj,False,1,1,1.0,0,0,0,0.0
Sune ØSTERGAARD IVERSENForårs. str.,1200.8,NORMAL,HF,Højre fløj,False,2,2,1.0,0,0,0,0.0
Aleksander Selmar PEDERSEN12,1200.8,NORMAL,VF,Venstre fløj,False,1,1,1.0,0,0,0,0.0
Frederik SKOV,1200.8,NORMAL,HF,Højre fløj,False,1,1,1.0,0,0,0,0.0
Lars Rismark EGGEN,1200.8,NORMAL,MV,Målvogter,True,2,2,1.0,53,0,130,29.0
Thomas Sommer ARNOLDSENRetur,1200.8,NORMAL,VB,Venstre back,False,1,1,1.0,0,0,0,0.0
Christian ALBERTSEN,1200.8,NORMAL,PL,Playmaker,False,1,1,1.0,0,0,0,0.0
Simon Rønnest SKADHAUGE Retur,1200.7,NORMAL,HF,Højre fløj,False,1,1,1.0,0,0,0,0.0
Sune Østergaard IVERSEN,1200.7,NORMAL,VF,Venstre fløj,False,1,1,1.0,0,0,0,0.0
Andreas Søgaard RASMUSSEN12,1200.7,NORMAL,HF,Højre fløj,False,1,1,1.0,0,0,0,0.0
Jeppe KROGH,1200.7,NORMAL,HF,Højre fløj,False,7,9,1.001,0,0,0,0.0
Andreas Søgaard RASMUSSENForårs. str.,1200.7,NORMAL,HF,Højre fløj,False,3,3,1.002,0,0,0,0.0
Nicolas Lundbye KRISTIANSENForårsagede straffe,1200.7,NORMAL,HF,Højre fløj,False,2,2,1.0,0,0,0,0.0
Sander JUEL CHRISTENSEN,1200.7,NORMAL,HF,Højre fløj,False,1,1,1.0,0,0,0,0.0
Oscar HANSEN,1200.7,NORMAL,HB,Højre back,False,1,1,1.0,0,0,0,0.0
Jeppe ANNEBERG,1200.7,NORMAL,HF,Højre fløj,False,2,3,1.001,0,0,0,0.0
Marcus Midtgaard SØRENSEN16,1200.6,NORMAL,HF,Højre fløj,False,1,1,1.0,0,0,0,0.0
Janos STRANIGG,1200.6,NORMAL,HF,Højre fløj,False,3,3,1.002,0,0,0,0.0
Jon Isak HALLDORSSON,1200.6,NORMAL,HF,Højre fløj,False,2,4,1.002,0,0,0,0.0
Lauge Danelund HEMMINGSENAssist,1200.6,NORMAL,HF,Højre fløj,False,1,1,1.0,0,0,0,0.0
Mikkel Søndergaard HELQVISTAssist,1200.6,NORMAL,HF,Højre fløj,False,1,1,1.0,0,0,0,0.0
Andreas Søgaard RASMUSSEN32,1200.6,NORMAL,HF,Højre fløj,False,1,1,1.0,0,0,0,0.0
Forårsagede straffe,1200.6,NORMAL,HF,Højre fløj,False,1,1,1.0,0,0,0,0.0
Henrik Storm PEDERSEN,1200.5,NORMAL,HF,Højre fløj,False,1,1,1.0,0,0,0,0.0
Andreas Knigge HYLLEBERG Retur,1200.5,NORMAL,VB,Venstre back,False,1,1,1.0,0,0,0,0.0
Magnus CAMPBELL,1200.5,NORMAL,HF,Højre fløj,False,1,1,1.0,0,0,0,0.0
Jonas SALMUELSSON,1200.5,NORMAL,HF,Højre fløj,False,4,4,1.001,0,0,0,0.0
Christian Bonde POVLSEN,1200.5,NORMAL,VF,Venstre fløj,False,1,1,1.0,0,0,0,0.0
Anders JUHL ZACHARIASSENForårs. str.,1200.5,NORMAL,HF,Højre fløj,False,2,2,1.0,0,0,0,0.0
Brandur HALGIRSSON,1200.5,NORMAL,HF,Højre fløj,False,4,4,1.001,0,0,0,0.0
Claus VINDING,1200.5,NORMAL,HF,Højre fløj,False,1,2,1.0,0,0,0,0.0
Oliver NØddesbo EGGERT,1200.5,NORMAL,HF,Højre fløj,False,4,8,1.0,0,0,0,0.0
11,1200.5,NORMAL,ST,Streg,False,1,1,1.0,0,0,0,0.0
Anders JUHL ZACHARIASSEN12,1200.5,NORMAL,HF,Højre fløj,False,1,1,1.0,0,0,0,0.0
Simon BAK OSTERSEN,1200.5,NORMAL,HB,Højre back,False,1,1,1.0,0,0,0,0.0
Aleksander Selmar PEDERSENForårsagede straffe,1200.5,NORMAL,HF,Højre fløj,False,1,1,1.0,0,0,0,0.0
Andreas Søgaard RASMUSSEN16,1200.5,NORMAL,HF,Højre fløj,False,1,1,1.0,0,0,0,0.0
Mick Engelhardt SCHUBERT,1200.5,NORMAL,HF,Højre fløj,False,5,7,1.0,0,0,0,0.0
Thomas Sommer ARNOLDSENForårs. str.,1200.4,NORMAL,HF,Højre fløj,False,1,1,1.0,0,0,0,0.0
Andrew WISMAN,1200.4,NORMAL,PL,Playmaker,False,1,2,1.0,0,0,0,0.0
Simon HUMLEGAARD,1200.4,NORMAL,ST,Streg,False,1,2,1.0,0,0,0,0.0
Morten Laugesen JØRGENSEN,1200.4,NORMAL,VF,Venstre fløj,False,1,2,1.0,0,0,0,0.0
Christopher EKMANN,1200.4,NORMAL,HF,Højre fløj,False,2,2,1.0,0,0,0,0.0
Mikkel Sjørvad HANSEN,1200.3,NORMAL,PL,Playmaker,False,1,2,1.0,0,0,0,0.0
Andreas MADSEN,1200.3,NORMAL,HF,Højre fløj,False,2,3,1.001,0,0,0,0.0
Malthe QVORTRUP,1200.1,NORMAL,HF,Højre fløj,False,2,2,1.0,0,0,0,0.0
Mads Jacob Kragh THOMSEN,1200.0,NORMAL,HF,Højre fløj,False,2,2,1.0,0,0,0,0.0
Christian Ganderup NIELSEN Retur,1200.0,NORMAL,ST,Streg,False,1,1,1.0,0,0,0,0.0
Morten Laugesen JØRGENSENRetur,1199.9,NORMAL,VF,Venstre fløj,False,1,1,1.0,0,0,0,0.0
Henk MEYER,1199.9,NORMAL,MV,Målvogter,True,1,1,1.0,9,0,23,28.1
Mads Emil Bayer LENBROCH Retur,1199.9,NORMAL,VF,Venstre fløj,False,1,1,1.0,0,0,0,0.0
Kasper Fruerlund KRISTIANSEN,1199.9,NORMAL,HF,Højre fløj,False,3,3,1.0,0,0,0,0.0
Rasmus Kaagaard ANDERSENRetur,1199.9,NORMAL,PL,Playmaker,False,1,1,1.0,0,0,0,0.0
Thomas Sommer ARNOLDSENBlokeret af,1199.9,NORMAL,VB,Venstre back,False,1,1,1.0,0,0,0,0.0
Mathias Bendixen MADSEN,1199.8,NORMAL,HF,Højre fløj,False,1,1,1.0,0,0,0,0.0
Frederik Lind SASS-PETERSEN,1199.8,NORMAL,HF,Højre fløj,False,1,1,1.0,0,0,0,0.0
Mathias ALBREKTSEN,1199.8,NORMAL,HF,Højre fløj,False,1,1,1.0,0,0,0,0.0
Svend Bro RUGHAVE,1199.8,NORMAL,MV,Målvogter,True,1,1,1.0,35,3,83,29.7
Kell THUSTRUP,1199.8,NORMAL,HF,Højre fløj,False,1,1,1.0,0,0,0,0.0
Morten GRAVERSEN,1199.8,NORMAL,HF,Højre fløj,False,1,1,1.0,0,0,0,0.0
Maik MACHULLA,1199.8,NORMAL,HF,Højre fløj,False,1,1,1.0,0,0,0,0.0
Lars KROGH JEPPESEN,1199.8,NORMAL,HF,Højre fløj,False,1,1,1.0,0,0,0,0.0
Jonas Liberg WILLE,1199.8,NORMAL,HF,Højre fløj,False,1,1,1.0,0,0,0,0.0
Blok af (ret),1199.8,NORMAL,HF,Højre fløj,False,1,2,1.0,0,0,0,0.0
Nicolej Krickau RASMUSSEN,1199.8,NORMAL,HF,Højre fløj,False,1,1,1.0,0,0,0,0.0
Mikkel THORSEN,1199.7,NORMAL,HF,Højre fløj,False,1,1,1.0,0,0,0,0.0
Per-Olav WULFF,1199.7,NORMAL,HF,Højre fløj,False,1,1,1.0,0,0,0,0.0
Kenneth SLAVENSKY,1199.7,NORMAL,HF,Højre fløj,False,1,1,1.0,0,0,0,0.0
Anton Krogh FILTENBORG,1199.7,NORMAL,HF,Højre fløj,False,2,2,1.0,0,0,0,0.0
Heino Holm KNUDSEN,1199.7,NORMAL,HF,Højre fløj,False,1,1,1.0,0,0,0,0.0
Torben NIELSEN,1199.7,NORMAL,HF,Højre fløj,False,2,2,1.0,0,0,0,0.0
Mathias Kragh PEDERSEN,1199.7,NORMAL,HF,Højre fløj,False,1,1,1.0,0,0,0,0.0
John Møller BRUUN,1199.6,NORMAL,HF,Højre fløj,False,1,1,1.0,0,0,0,0.0
Nicolas Lundbye KRISTIANSENBold erobret 19,1199.6,NORMAL,HF,Højre fløj,False,1,1,1.0,0,0,0,0.0
Jan LESLIE,1199.6,NORMAL,HF,Højre fløj,False,1,1,1.0,0,0,0,0.0
Mads Vedel HJORTSHØJ,1199.6,NORMAL,HF,Højre fløj,False,2,2,1.0,0,0,0,0.0
Thomas BRANDT NYEGAARD,1199.6,NORMAL,HF,Højre fløj,False,1,1,1.0,0,0,0,0.0
Søren FISKER,1199.6,NORMAL,HF,Højre fløj,False,1,1,1.0,0,0,0,0.0
Marcus Midtgaard SØRENSENBold erobret,1199.6,NORMAL,HF,Højre fløj,False,1,1,1.0,0,0,0,0.0
Benjamin WALSØE,1199.6,NORMAL,HF,Højre fløj,False,1,1,1.0,0,0,0,0.0
Sebastian SEIFERT,1199.6,NORMAL,HF,Højre fløj,False,1,1,1.0,0,0,0,0.0
Aleksander Selmar PEDERSENBold erobret,1199.6,NORMAL,HF,Højre fløj,False,1,1,1.0,0,0,0,0.0
Kristian ASMUSSEN,1199.6,NORMAL,MV,Målvogter,True,1,1,1.0,45,7,100,31.0
Mikkel Søndergaard HELQVIST,1199.6,NORMAL,HF,Højre fløj,False,1,1,1.0,0,0,0,0.0
Jesper BACH FREDIN,1199.6,NORMAL,HF,Højre fløj,False,2,2,1.0,0,0,0,0.0
Thomas Sommer ARNOLDSENBold erobret,1199.6,NORMAL,HF,Højre fløj,False,1,1,1.0,0,0,0,0.0
Morten Linaa LIBAK,1199.5,NORMAL,HF,Højre fløj,False,2,2,1.0,0,0,0,0.0
Ole DAMGAARD,1199.5,NORMAL,HF,Højre fløj,False,2,2,1.0,0,0,0,0.0
Andreas René SØRENSEN,1199.5,NORMAL,HF,Højre fløj,False,1,2,1.0,0,0,0,0.0
Jimmi ELMGAARD,1199.5,NORMAL,HF,Højre fløj,False,2,2,1.0,0,0,0,0.0
Hector VILLADSEN,1199.5,NORMAL,HF,Højre fløj,False,1,1,1.0,0,0,0,0.0
Moussa Lihn DEMBELE,1199.5,NORMAL,HF,Højre fløj,False,1,1,1.0,0,0,0,0.0
Kasper Dan JØRGENSEN,1199.5,NORMAL,HF,Højre fløj,False,2,2,1.0,0,0,0,0.0
Oliver HAMANN-BOERITHS,1199.4,NORMAL,HF,Højre fløj,False,1,1,1.0,0,0,0,0.0
Jørgen JØRGENSEN,1199.4,NORMAL,HF,Højre fløj,False,2,2,1.0,0,0,0,0.0
Peter Bredsdorff LARSEN,1199.3,NORMAL,HF,Højre fløj,False,2,2,1.0,0,0,0,0.0
Søren Haagen ANDREASEN,1199.3,NORMAL,MV,Målvogter,True,5,5,0.998,458,14,965,32.2
Lars Porskær MØLLER,1199.3,NORMAL,HF,Højre fløj,False,4,4,0.999,0,0,0,0.0
Jacob Dam DALAGER,1199.2,NORMAL,HF,Højre fløj,False,1,1,1.0,0,0,0,0.0
Malthe KRONBORG,1199.2,NORMAL,MV,Målvogter,True,3,3,0.998,4,2,18,18.2
Sørenn RASMUSSEN,1199.2,NORMAL,MV,Målvogter,True,1,1,1.0,74,2,150,33.0
John HEINZE,1199.2,NORMAL,HF,Højre fløj,False,1,1,1.0,0,0,0,0.0
Tim Hjorth RANTALA,1199.2,NORMAL,HF,Højre fløj,False,1,1,1.0,0,0,0,0.0
Búi D. POULSEN,1199.2,NORMAL,HF,Højre fløj,False,2,2,1.0,0,0,0,0.0
Kristoffer FRANK,1199.2,NORMAL,HF,Højre fløj,False,1,1,1.0,0,0,0,0.0
Jesper HOLM,1199.1,NORMAL,HF,Højre fløj,False,4,4,0.999,0,0,0,0.0
Nikolai Emil KELLER,1199.1,NORMAL,HF,Højre fløj,False,1,1,1.0,0,0,0,0.0
Rasmus BERTELSEN,1199.1,NORMAL,HF,Højre fløj,False,59,71,0.999,0,0,0,0.0
Arne DAMGAARD,1199.0,NORMAL,HF,Højre fløj,False,4,4,0.998,0,0,0,0.0
Rasmus Schmidt LIND,1199.0,NORMAL,MV,Målvogter,True,1,1,1.0,89,0,201,30.7
Lars Lynge WALTHER,1199.0,NORMAL,HF,Højre fløj,False,4,4,0.999,0,0,0,0.0
Patrekur JÓHANNESSON,1199.0,NORMAL,HF,Højre fløj,False,4,4,0.998,0,0,0,0.0
Jacob VINHOLT,1199.0,NORMAL,HF,Højre fløj,False,4,4,0.998,0,0,0,0.0
Harald PEDERSEN,1199.0,NORMAL,HF,Højre fløj,False,2,2,1.0,0,0,0,0.0
Jan Leslie LUND,1199.0,NORMAL,HF,Højre fløj,False,2,2,1.0,0,0,0,0.0
Lauge Danelund HEMMINGSEN,1199.0,NORMAL,HF,Højre fløj,False,3,4,0.998,0,0,0,0.0
Ian Marko FOG,1199.0,NORMAL,HF,Højre fløj,False,2,2,1.0,0,0,0,0.0
Mathias MADSEN,1198.9,NORMAL,HF,Højre fløj,False,4,4,0.998,0,0,0,0.0
Kasper Søndergaard SARUP,1198.9,NORMAL,HF,Højre fløj,False,6,6,0.999,0,0,0,0.0
Kasper SØNDERGAARD SARUP,1198.9,NORMAL,HF,Højre fløj,False,4,4,0.998,0,0,0,0.0
Ulf SIVERTSSON,1198.8,NORMAL,HF,Højre fløj,False,5,5,0.999,0,0,0,0.0
Ryan ZINGLERSEN,1198.8,NORMAL,HF,Højre fløj,False,4,4,0.998,0,0,0,0.0
Frederik Møller CHRISTOFFERSEN,1198.8,NORMAL,HF,Højre fløj,False,2,3,0.998,0,0,0,0.0
Claus LYNGSØE,1198.8,NORMAL,HF,Højre fløj,False,5,5,0.999,0,0,0,0.0
Mathias Tang ANDERSEN,1198.8,NORMAL,HF,Højre fløj,False,1,1,1.0,0,0,0,0.0
Daniel GLUD,1198.8,NORMAL,HF,Højre fløj,False,1,1,1.0,0,0,0,0.0
Lars RASMUSSEN,1198.8,NORMAL,HF,Højre fløj,False,4,4,0.998,0,0,0,0.0
Leon HENRIKSEN,1198.7,NORMAL,HF,Højre fløj,False,5,5,0.998,0,0,0,0.0
Torbjørn SITTRUP BERGERUD,1198.6,NORMAL,MV,Målvogter,True,3,3,0.997,76,2,133,36.4
Mikkel Voigt FREDERIKSEN,1198.6,NORMAL,HF,Højre fløj,False,5,5,0.998,0,0,0,0.0
Kristian HINDØ,1198.6,NORMAL,HF,Højre fløj,False,2,2,1.0,0,0,0,0.0
Jan PAULSEN,1198.5,NORMAL,HF,Højre fløj,False,6,6,0.999,0,0,0,0.0
Klavs Bruun JØRGENSEN,1198.1,NORMAL,HF,Højre fløj,False,10,10,0.998,0,0,0,0.0
Simon DAHL,1198.1,NORMAL,HF,Højre fløj,False,9,9,0.998,0,0,0,0.0
Søren Reinholdt HANSEN,1197.9,NORMAL,HF,Højre fløj,False,8,8,0.998,0,0,0,0.0
Daniel ASTRUP,1197.8,NORMAL,HF,Højre fløj,False,3,3,0.996,0,0,0,0.0
Nicolej MØLDRUP KRICKAU,1197.8,NORMAL,HF,Højre fløj,False,7,7,0.998,0,0,0,0.0
Nicolas Lundbye KRISTIANSENBold erobret,1197.8,NORMAL,HF,Højre fløj,False,3,3,0.995,0,0,0,0.0
Torben SØRENSEN,1197.7,NORMAL,HF,Højre fløj,False,8,8,0.998,0,0,0,0.0
Andreas TOUDAHL,1197.6,NORMAL,HF,Højre fløj,False,11,11,0.999,0,0,0,0.0
Claus DALGAARD-HANSEN,1197.6,NORMAL,HF,Højre fløj,False,7,7,0.998,0,0,0,0.0
Lasse BOESEN,1197.5,NORMAL,HF,Højre fløj,False,9,9,0.998,0,0,0,0.0
Jan PYTLICK,1197.5,NORMAL,HF,Højre fløj,False,13,13,0.999,0,0,0,0.0
Lars Kjær KRARUP,1197.3,NORMAL,HF,Højre fløj,False,11,11,0.998,0,0,0,0.0
Jeppe Johann JONASSON,1197.2,NORMAL,HF,Højre fløj,False,19,20,1.001,0,0,0,0.0
Bold erobret,1197.1,NORMAL,HF,Højre fløj,False,5,5,0.996,0,0,0,0.0
Kenneth Eugen OLSEN,1197.0,NORMAL,HF,Højre fløj,False,10,10,0.998,0,0,0,0.0
Halldor Johann SIGFUSSON,1197.0,NORMAL,HF,Højre fløj,False,12,12,0.999,0,0,0,0.0
Mathias BENDIXEN MADSEN,1197.0,NORMAL,HF,Højre fløj,False,12,12,0.999,0,0,0,0.0
Aron KRISTJANSSON,1196.9,NORMAL,HF,Højre fløj,False,14,14,0.999,0,0,0,0.0
Ole NØRGAARD,1196.7,NORMAL,HF,Højre fløj,False,10,10,0.997,0,0,0,0.0
Laurids Søgaard PETERSEN,1196.7,NORMAL,HF,Højre fløj,False,14,14,0.999,0,0,0,0.0
Kristian Boldrup KRISTENSEN,1196.4,NORMAL,HF,Højre fløj,False,13,13,0.998,0,0,0,0.0
Erik Veje RASMUSSEN,1196.3,NORMAL,HF,Højre fløj,False,14,14,0.999,0,0,0,0.0
Ian MARKO FOG,1196.1,NORMAL,HF,Højre fløj,False,7,7,0.995,0,0,0,0.0
Lars FREDERIKSEN,1196.0,NORMAL,HF,Højre fløj,False,18,18,0.998,0,0,0,0.0
Arnór ATLASON,1195.9,NORMAL,HF,Højre fløj,False,15,15,0.998,0,0,0,0.0
Henrik KRONBORG,1195.2,NORMAL,HF,Højre fløj,False,21,21,0.998,0,0,0,0.0
Kasper NIELSEN,1195.0,NORMAL,HF,Højre fløj,False,19,20,0.994,0,0,0,0.0
Peter BREDSDORFF-LARSEN,1194.6,NORMAL,HF,Højre fløj,False,21,21,0.999,0,0,0,0.0
Malthe DAMGAARD,1194.1,NORMAL,HF,Højre fløj,False,28,30,1.0,0,0,0,0.0
Dennis Bo JENSEN,1194.0,NORMAL,HF,Højre fløj,False,24,24,0.999,0,0,0,0.0
Marc UHD,1193.7,NORMAL,HF,Højre fløj,False,27,27,0.998,0,0,0,0.0
Rasmus Glad VANDBÆK,1193.7,NORMAL,HF,Højre fløj,False,25,25,0.998,0,0,0,0.0
Mads THOMSEN,1193.0,NORMAL,HF,Højre fløj,False,28,31,0.997,0,0,0,0.0
Niels AGESEN,1192.3,NORMAL,HF,Højre fløj,False,32,32,0.998,0,0,0,0.0
Gudmundur GUDMUNDSSON,1192.2,NORMAL,HF,Højre fløj,False,28,28,0.999,0,0,0,0.0
Patrick WESTERHOLM,1191.9,NORMAL,HF,Højre fløj,False,31,31,0.998,0,0,0,0.0
Kristian KRISTENSEN,1191.8,NORMAL,HF,Højre fløj,False,32,32,0.998,0,0,0,0.0
Claus UHRENHOLT,1191.7,NORMAL,HF,Højre fløj,False,35,35,0.999,0,0,0,0.0
Anders Lentz THOMSEN,1191.5,NORMAL,HF,Højre fløj,False,27,27,0.998,0,0,0,0.0
Simon Schøler Raadahl SØRENSEN,1191.3,NORMAL,HF,Højre fløj,False,40,40,0.998,0,0,0,0.0
Kasper CHRISTENSEN,1190.7,NORMAL,HF,Højre fløj,False,37,37,0.999,0,0,0,0.0
Søren Reinholdt Søndergaard HANSEN,1190.6,NORMAL,HF,Højre fløj,False,37,37,0.998,0,0,0,0.0
Kristoffer JESSEN,1189.8,NORMAL,HF,Højre fløj,False,54,58,0.998,0,0,0,0.0
Matthias SMED,1189.4,NORMAL,HF,Højre fløj,False,135,143,1.004,0,0,0,0.0
Jesper HOUMARK,1188.8,NORMAL,HF,Højre fløj,False,38,38,0.999,0,0,0,0.0
Nicolej Møldrup KRICKAU,1188.7,NORMAL,HF,Højre fløj,False,45,45,0.999,0,0,0,0.0
Nick RASMUSSEN,1187.4,NORMAL,HF,Højre fløj,False,40,40,0.998,0,0,0,0.0
Christian DALMOSE,1186.9,NORMAL,HF,Højre fløj,False,39,39,0.999,0,0,0,0.0
Anders MOSE,1186.6,NORMAL,HF,Højre fløj,False,54,55,1.0,0,0,0,0.0
Stefan MADSEN,1186.3,NORMAL,HF,Højre fløj,False,52,52,0.998,0,0,0,0.0
Nicolej KRICKAU,1181.6,NORMAL,HF,Højre fløj,False,62,62,0.997,0,0,0,0.0
Klaus THOMSEN,1149.9,NORMAL,HF,Højre fløj,False,121,127,1.0,0,0,0,0.0
