match,time,action,position,team,home_score,away_score,base_weight,time_mult,score_mult,pos_mult,context_mult,total_weight,elite_status,elite_multiplier,rating_change,old_rating,new_rating,goalkeeper_penalty,player_name,season,league,action_type
Aalborg Håndbold vs SAH,1.20,Mål på straffe,PL,SAH,1,1,60,1.0,1.7,1.0,1.5000000000000002,153.00000000000003,NORMAL,1.0,1.2240000000000002,1351.8781024000011,1353.102102400001,False,MORTEN HEMPEL JENSEN,2023-2024,Herreliga,POSITIVE
Aalborg Håndbold vs SAH,16.39,Udvisning,PL,SAH,8,5,-45,1.0,1.2,1.0,1.095,-59.129999999999995,NORMAL,1.0,-0.47303999999999996,1354.131102400001,1353.658062400001,False,MORTEN HEMPEL JENSEN,2023-2024,Herreliga,NEGATIVE
Aalborg Håndbold vs SAH,26.00,Mål,PL,SAH,13,11,65,1.4,1.5,1.0,1.3500000000000003,184.27500000000003,NORMAL,1.0,1.4742000000000004,1353.658062400001,1355.132262400001,False,MORTEN HEMPEL JENSEN,2023-2024,Herreliga,POSITIVE
Aalborg Håndbold vs SAH,27.25,Mål,VF,SAH,14,12,65,1.4,1.5,1.0,1.3500000000000003,184.27500000000003,NORMAL,1.0,1.4742000000000004,1355.132262400001,1356.6064624000012,False,MORTEN HEMPEL JENSEN,2023-2024,Herreliga,POSITIVE
Aalborg Håndbold vs SAH,3.54,Skud reddet,VB,SAH,3,2,70,1.0,1.5,1.0,1.225,128.625,NORMAL,1.0,1.029,1353.102102400001,1354.131102400001,False,MORTEN HEMPEL JENSEN,2023-2024,Herreliga,POSITIVE
Aalborg Håndbold vs SAH,30.00,"Rødt kort, direkte",PL,SAH,15,12,-90,1.6,1.2,1.0,1.2450000000000003,-215.13600000000002,NORMAL,1.0,-1.7210880000000002,1356.6064624000012,1354.8853744000012,False,MORTEN HEMPEL JENSEN,2023-2024,Herreliga,NEGATIVE
Bjerringbro-Silkeborg vs SAH,10.21,Mål,PL,SAH,4,3,65,1.0,1.5,1.0,1.6000000000000003,156.00000000000003,NORMAL,1.0,1.2480000000000002,1369.7009392000007,1370.9489392000007,False,MORTEN HEMPEL JENSEN,2023-2024,Herreliga,POSITIVE
Bjerringbro-Silkeborg vs SAH,11.02,Mål,PL,SAH,4,4,65,1.0,1.7,1.0,1.5000000000000002,165.75000000000003,NORMAL,1.0,1.3260000000000003,1370.9489392000007,1372.2749392000007,False,MORTEN HEMPEL JENSEN,2023-2024,Herreliga,POSITIVE
Bjerringbro-Silkeborg vs SAH,16.56,Skud reddet,PL,SAH,5,5,70,1.0,1.7,1.0,1.3000000000000003,154.70000000000005,NORMAL,1.0,1.2376000000000005,1372.2749392000007,1373.5125392000007,False,MORTEN HEMPEL JENSEN,2023-2024,Herreliga,POSITIVE
Bjerringbro-Silkeborg vs SAH,18.44,Tilkendt straffe,PL,SAH,5,5,25,1.0,1.7,1.0,1.3000000000000003,55.250000000000014,NORMAL,1.0,0.4420000000000001,1373.5125392000007,1373.9545392000007,False,MORTEN HEMPEL JENSEN,2023-2024,Herreliga,POSITIVE
Bjerringbro-Silkeborg vs SAH,2.50,Skud reddet,PL,SAH,1,1,70,1.0,1.7,1.0,1.3000000000000003,154.70000000000005,NORMAL,1.0,1.2376000000000005,1367.715339200001,1368.9529392000009,False,MORTEN HEMPEL JENSEN,2023-2024,Herreliga,POSITIVE
Bjerringbro-Silkeborg vs SAH,23.00,Mål,PL,SAH,5,8,65,1.0,1.2,1.0,1.075,83.85,NORMAL,1.0,0.6708,1373.9545392000007,1374.6253392000008,False,MORTEN HEMPEL JENSEN,2023-2024,Herreliga,POSITIVE
Bjerringbro-Silkeborg vs SAH,4.27,Skud reddet,PL,SAH,1,1,70,1.0,1.7,1.0,1.3000000000000003,154.70000000000005,NORMAL,1.0,1.2376000000000005,1368.9529392000009,1370.1905392000008,False,MORTEN HEMPEL JENSEN,2023-2024,Herreliga,POSITIVE
Bjerringbro-Silkeborg vs SAH,48.53,Skud reddet,VB,SAH,21,19,70,1.5,1.5,1.0,1.2750000000000001,200.81250000000003,NORMAL,1.0,1.6065000000000003,1374.6253392000008,1376.2318392000009,False,MORTEN HEMPEL JENSEN,2023-2024,Herreliga,POSITIVE
Bjerringbro-Silkeborg vs SAH,52.57,Mål på straffe,PL,SAH,21,22,60,1.4,1.5,1.0,1.4250000000000003,179.55000000000004,NORMAL,1.0,1.4364000000000003,1376.2318392000009,1377.668239200001,False,MORTEN HEMPEL JENSEN,2023-2024,Herreliga,POSITIVE
Bjerringbro-Silkeborg vs SAH,6.09,Skud på stolpe,PL,SAH,3,1,-5,1.0,1.5,1.0,1.1400000000000001,-8.55,NORMAL,1.0,-0.0684,1370.1905392000008,1370.1221392000007,False,MORTEN HEMPEL JENSEN,2023-2024,Herreliga,NEUTRAL
Bjerringbro-Silkeborg vs SAH,6.36,Fejlaflevering,PL,SAH,3,1,-30,1.0,1.5,1.0,1.1700000000000002,-52.650000000000006,NORMAL,1.0,-0.4212000000000001,1370.1221392000007,1369.7009392000007,False,MORTEN HEMPEL JENSEN,2023-2024,Herreliga,NEGATIVE
Fredericia Håndboldklub vs SAH,10.05,Tilkendt straffe,PL,SAH,6,3,25,1.0,1.2,1.0,1.075,32.25,NORMAL,1.0,0.258,1379.7869592000009,1380.044959200001,False,MORTEN HEMPEL JENSEN,2023-2024,Herreliga,POSITIVE
Fredericia Håndboldklub vs SAH,12.26,Mål,PL,SAH,7,5,65,1.0,1.5,1.0,1.2500000000000002,121.87500000000003,NORMAL,1.0,0.9750000000000002,1380.044959200001,1381.0199592000008,False,MORTEN HEMPEL JENSEN,2023-2024,Herreliga,POSITIVE
Fredericia Håndboldklub vs SAH,19.35,Skud reddet,VB,SAH,10,6,70,1.0,1.2,1.0,1.075,90.3,NORMAL,1.0,0.7224,1381.0199592000008,1381.742359200001,False,MORTEN HEMPEL JENSEN,2023-2024,Herreliga,POSITIVE
Fredericia Håndboldklub vs SAH,2.49,Mål,PL,SAH,2,1,65,1.0,1.5,1.0,1.6000000000000003,156.00000000000003,NORMAL,1.0,1.2480000000000002,1377.668239200001,1378.916239200001,False,MORTEN HEMPEL JENSEN,2023-2024,Herreliga,POSITIVE
Fredericia Håndboldklub vs SAH,20.50,Regelfejl,PL,SAH,11,6,-22,1.0,1.2,1.0,1.045,-27.587999999999997,NORMAL,1.0,-0.22070399999999998,1381.742359200001,1381.5216552000009,False,MORTEN HEMPEL JENSEN,2023-2024,Herreliga,NEGATIVE
Fredericia Håndboldklub vs SAH,23.01,Mål på straffe,PL,SAH,12,8,60,1.0,1.2,1.0,1.2750000000000001,91.80000000000001,NORMAL,1.0,0.7344,1381.5216552000009,1382.256055200001,False,MORTEN HEMPEL JENSEN,2023-2024,Herreliga,POSITIVE
Fredericia Håndboldklub vs SAH,29.32,Mål på straffe,PL,SAH,14,10,60,1.6,1.2,1.0,1.4250000000000003,164.16000000000003,NORMAL,1.0,1.3132800000000002,1382.256055200001,1383.569335200001,False,MORTEN HEMPEL JENSEN,2023-2024,Herreliga,POSITIVE
Fredericia Håndboldklub vs SAH,31.56,Udvisning,PL,SAH,14,11,-45,1.0,1.2,1.0,1.095,-59.129999999999995,NORMAL,1.0,-0.47303999999999996,1383.569335200001,1383.096295200001,False,MORTEN HEMPEL JENSEN,2023-2024,Herreliga,NEGATIVE
Fredericia Håndboldklub vs SAH,39.34,Mål på straffe,PL,SAH,19,15,60,1.0,1.2,1.0,1.2750000000000001,91.80000000000001,NORMAL,1.0,0.7344,1383.096295200001,1383.830695200001,False,MORTEN HEMPEL JENSEN,2023-2024,Herreliga,POSITIVE
Fredericia Håndboldklub vs SAH,4.35,Mål,PL,SAH,3,2,65,1.0,1.5,1.0,1.6000000000000003,156.00000000000003,NORMAL,1.0,1.2480000000000002,1378.916239200001,1380.164239200001,False,MORTEN HEMPEL JENSEN,2023-2024,Herreliga,POSITIVE
Fredericia Håndboldklub vs SAH,5.38,Regelfejl,PL,SAH,4,2,-22,1.0,1.5,1.0,1.1700000000000002,-38.61000000000001,NORMAL,1.0,-0.30888000000000004,1380.164239200001,1379.855359200001,False,MORTEN HEMPEL JENSEN,2023-2024,Herreliga,NEGATIVE
Fredericia Håndboldklub vs SAH,52.02,Mål,VF,SAH,23,20,65,1.4,1.2,1.0,1.4750000000000003,161.07000000000005,NORMAL,1.0,1.2885600000000004,1383.830695200001,1385.119255200001,False,MORTEN HEMPEL JENSEN,2023-2024,Herreliga,POSITIVE
Fredericia Håndboldklub vs SAH,55.47,Mål,PL,SAH,26,23,65,2.4,1.2,1.0,1.6250000000000002,304.20000000000005,NORMAL,1.0,2.4336,1385.119255200001,1387.552855200001,False,MORTEN HEMPEL JENSEN,2023-2024,Herreliga,POSITIVE
Fredericia Håndboldklub vs SAH,57.13,Mål,VB,SAH,27,24,65,2.4,1.2,1.0,1.6250000000000002,304.20000000000005,NORMAL,1.0,2.4336,1387.552855200001,1389.986455200001,False,MORTEN HEMPEL JENSEN,2023-2024,Herreliga,POSITIVE
Fredericia Håndboldklub vs SAH,58.05,Fejlaflevering,PL,SAH,28,24,-30,1.8,1.2,1.0,1.595,-103.356,NORMAL,1.0,-0.826848,1389.986455200001,1389.1596072000011,False,MORTEN HEMPEL JENSEN,2023-2024,Herreliga,NEGATIVE
Fredericia Håndboldklub vs SAH,7.10,Skud på stolpe,PL,SAH,4,2,-5,1.0,1.5,1.0,1.1400000000000001,-8.55,NORMAL,1.0,-0.0684,1379.855359200001,1379.7869592000009,False,MORTEN HEMPEL JENSEN,2023-2024,Herreliga,NEUTRAL
GOG vs SAH,1.21,Mål,PL,SAH,1,1,65,1.0,1.7,1.0,1.5000000000000002,165.75000000000003,NORMAL,1.0,1.3260000000000003,1499.2185660000018,1500.5445660000019,False,MORTEN HEMPEL JENSEN,2023-2024,Herreliga,POSITIVE
GOG vs SAH,11.36,Straffekast reddet,PL,SAH,7,5,120,1.0,1.5,1.0,1.1500000000000001,207.00000000000003,NORMAL,1.0,1.6560000000000004,1500.311286000002,1501.9672860000019,False,MORTEN HEMPEL JENSEN,2023-2024,Herreliga,POSITIVE
GOG vs SAH,23.32,Skud reddet,PL,SAH,14,8,70,1.0,0.9,1.0,1.025,64.57499999999999,NORMAL,1.0,0.5166,1501.9672860000019,1502.4838860000018,False,MORTEN HEMPEL JENSEN,2023-2024,Herreliga,POSITIVE
GOG vs SAH,23.32,Udvisning,PL,SAH,14,8,-45,1.0,0.9,1.0,1.045,-42.3225,NORMAL,1.0,-0.33858,1502.4838860000018,1502.1453060000017,False,MORTEN HEMPEL JENSEN,2023-2024,Herreliga,NEGATIVE
GOG vs SAH,27.15,Mål,PL,SAH,15,9,65,1.4,0.9,1.0,1.4250000000000003,116.70750000000002,NORMAL,1.0,0.9336600000000003,1502.1453060000017,1503.0789660000016,False,MORTEN HEMPEL JENSEN,2023-2024,Herreliga,POSITIVE
GOG vs SAH,37.25,Skud forbi,HB,SAH,21,11,-15,1.0,0.9,1.0,0.97,-13.094999999999999,NORMAL,1.0,-0.10475999999999999,1503.0789660000016,1502.9742060000017,False,MORTEN HEMPEL JENSEN,2023-2024,Herreliga,NEGATIVE
GOG vs SAH,45.42,Tilkendt straffe,PL,SAH,26,13,25,1.5,0.65,1.0,1.075,26.203125,NORMAL,1.0,0.209625,1502.9742060000017,1503.1838310000016,False,MORTEN HEMPEL JENSEN,2023-2024,Herreliga,POSITIVE
GOG vs SAH,53.05,Mål,PL,SAH,29,15,65,1.4,0.65,1.0,1.4500000000000004,85.76750000000003,NORMAL,1.0,0.6861400000000002,1503.1838310000016,1503.8699710000017,False,MORTEN HEMPEL JENSEN,2023-2024,Herreliga,POSITIVE
GOG vs SAH,54.48,Mål,PL,SAH,29,16,65,1.4,0.65,1.0,1.4500000000000004,85.76750000000003,NORMAL,1.0,0.6861400000000002,1503.8699710000017,1504.5561110000017,False,MORTEN HEMPEL JENSEN,2023-2024,Herreliga,POSITIVE
GOG vs SAH,7.20,Skud blokeret,PL,SAH,3,4,-8,1.0,1.5,1.0,1.215,-14.580000000000002,NORMAL,1.0,-0.11664000000000002,1500.5445660000019,1500.427926000002,False,MORTEN HEMPEL JENSEN,2023-2024,Herreliga,NEUTRAL
GOG vs SAH,8.53,Skud blokeret,VB,SAH,5,4,-8,1.0,1.5,1.0,1.215,-14.580000000000002,NORMAL,1.0,-0.11664000000000002,1500.427926000002,1500.311286000002,False,MORTEN HEMPEL JENSEN,2023-2024,Herreliga,NEUTRAL
KIF Kolding vs SAH,3.05,Regelfejl,PL,SAH,0,0,-22,1.0,1.7,1.0,1.32,-49.368,NORMAL,1.0,-0.394944,1497.0456300000014,1496.6506860000015,False,MORTEN HEMPEL JENSEN,2023-2024,Herreliga,NEGATIVE
KIF Kolding vs SAH,4.07,Skud forbi,PL,SAH,1,0,-15,1.0,1.5,1.0,1.245,-28.012500000000003,NORMAL,1.0,-0.22410000000000002,1496.6506860000015,1496.4265860000016,False,MORTEN HEMPEL JENSEN,2023-2024,Herreliga,NEGATIVE
KIF Kolding vs SAH,59.50,Mål,VB,SAH,26,31,65,1.8,1.2,1.0,1.5250000000000001,214.11,NORMAL,1.0,1.7128800000000002,1497.5056860000018,1499.2185660000018,False,MORTEN HEMPEL JENSEN,2023-2024,Herreliga,POSITIVE
KIF Kolding vs SAH,6.41,Skud på stolpe,PL,SAH,2,1,-5,1.0,1.5,1.0,1.215,-9.1125,NORMAL,1.0,-0.0729,1496.4265860000016,1496.3536860000017,False,MORTEN HEMPEL JENSEN,2023-2024,Herreliga,NEUTRAL
KIF Kolding vs SAH,8.30,Mål på straffe,PL,SAH,3,2,60,1.0,1.5,1.0,1.6000000000000003,144.00000000000003,NORMAL,1.0,1.1520000000000004,1496.3536860000017,1497.5056860000018,False,MORTEN HEMPEL JENSEN,2023-2024,Herreliga,POSITIVE
Lemvig-Thyborøn Håndbold vs SAH,11.28,Mål,VF,SAH,6,7,65,1.0,1.5,1.0,1.225,119.43750000000001,NORMAL,1.0,0.9555000000000001,1282.3568644000006,1283.3123644000007,False,MORTEN HEMPEL JENSEN,2023-2024,Herreliga,POSITIVE
Lemvig-Thyborøn Håndbold vs SAH,13.32,Mål,VB,SAH,7,8,65,1.0,1.5,1.0,1.225,119.43750000000001,NORMAL,1.0,0.9555000000000001,1283.3123644000007,1284.2678644000007,False,MORTEN HEMPEL JENSEN,2023-2024,Herreliga,POSITIVE
Lemvig-Thyborøn Håndbold vs SAH,21.56,Mål,PL,SAH,11,13,65,1.0,1.5,1.0,1.1500000000000001,112.12500000000001,NORMAL,1.0,0.8970000000000001,1284.2678644000007,1285.1648644000006,False,MORTEN HEMPEL JENSEN,2023-2024,Herreliga,POSITIVE
Lemvig-Thyborøn Håndbold vs SAH,27.17,Skud forbi,PL,SAH,13,14,-15,1.4,1.5,1.0,1.345,-42.3675,NORMAL,1.0,-0.33894,1285.1648644000006,1284.8259244000005,False,MORTEN HEMPEL JENSEN,2023-2024,Herreliga,NEGATIVE
Lemvig-Thyborøn Håndbold vs SAH,4.50,Regelfejl,PL,SAH,1,2,-22,1.0,1.5,1.0,1.245,-41.085,NORMAL,1.0,-0.32868,1282.0147444000006,1281.6860644000005,False,MORTEN HEMPEL JENSEN,2023-2024,Herreliga,NEGATIVE
Lemvig-Thyborøn Håndbold vs SAH,42.01,Mål,PL,SAH,19,22,65,1.2,1.2,1.0,1.125,105.3,NORMAL,1.0,0.8424,1284.8259244000005,1285.6683244000005,False,MORTEN HEMPEL JENSEN,2023-2024,Herreliga,POSITIVE
Lemvig-Thyborøn Håndbold vs SAH,55.22,Mål,VF,SAH,26,27,65,2.4,1.5,1.0,1.5750000000000002,368.55000000000007,NORMAL,1.0,2.948400000000001,1285.6683244000005,1288.6167244000005,False,MORTEN HEMPEL JENSEN,2023-2024,Herreliga,POSITIVE
Lemvig-Thyborøn Håndbold vs SAH,6.33,Mål,PL,SAH,1,4,65,1.0,1.2,1.0,1.075,83.85,NORMAL,1.0,0.6708,1281.6860644000005,1282.3568644000006,False,MORTEN HEMPEL JENSEN,2023-2024,Herreliga,POSITIVE
Mors-Thy Håndbold vs SAH,0.47,Mål,PL,SAH,0,1,65,1.0,1.5,1.0,1.225,119.43750000000001,NORMAL,1.0,0.9555000000000001,1504.5561110000017,1505.5116110000017,False,MORTEN HEMPEL JENSEN,2023-2024,Herreliga,POSITIVE
Mors-Thy Håndbold vs SAH,14.18,Straffekast reddet,PL,SAH,6,7,120,1.0,1.5,1.0,1.225,220.50000000000003,NORMAL,1.0,1.7640000000000002,1507.8666110000017,1509.6306110000016,False,MORTEN HEMPEL JENSEN,2023-2024,Herreliga,POSITIVE
Mors-Thy Håndbold vs SAH,26.03,Skud på stolpe,PL,SAH,12,10,-5,1.4,1.5,1.0,1.2400000000000002,-13.020000000000003,NORMAL,1.0,-0.10416000000000003,1509.6306110000016,1509.5264510000015,False,MORTEN HEMPEL JENSEN,2023-2024,Herreliga,NEUTRAL
Mors-Thy Håndbold vs SAH,3.54,Mål,PL,SAH,3,3,65,1.0,1.7,1.0,1.5000000000000002,165.75000000000003,NORMAL,1.0,1.3260000000000003,1505.5116110000017,1506.8376110000017,False,MORTEN HEMPEL JENSEN,2023-2024,Herreliga,POSITIVE
Mors-Thy Håndbold vs SAH,31.23,Mål,PL,SAH,14,14,65,1.0,1.7,1.0,1.5000000000000002,165.75000000000003,NORMAL,1.0,1.3260000000000003,1509.5264510000015,1510.8524510000016,False,MORTEN HEMPEL JENSEN,2023-2024,Herreliga,POSITIVE
Mors-Thy Håndbold vs SAH,34.04,Mål,PL,SAH,15,16,65,1.0,1.5,1.0,1.225,119.43750000000001,NORMAL,1.0,0.9555000000000001,1510.8524510000016,1511.8079510000016,False,MORTEN HEMPEL JENSEN,2023-2024,Herreliga,POSITIVE
Mors-Thy Håndbold vs SAH,35.09,Mål,VB,SAH,16,17,65,1.0,1.5,1.0,1.225,119.43750000000001,NORMAL,1.0,0.9555000000000001,1511.8079510000016,1512.7634510000016,False,MORTEN HEMPEL JENSEN,2023-2024,Herreliga,POSITIVE
Mors-Thy Håndbold vs SAH,37.31,Fejlaflevering,PL,SAH,17,18,-30,1.0,1.5,1.0,1.245,-56.025000000000006,NORMAL,1.0,-0.44820000000000004,1512.7634510000016,1512.3152510000016,False,MORTEN HEMPEL JENSEN,2023-2024,Herreliga,NEGATIVE
Mors-Thy Håndbold vs SAH,38.15,Mål,VF,SAH,18,19,65,1.0,1.5,1.0,1.225,119.43750000000001,NORMAL,1.0,0.9555000000000001,1512.3152510000016,1513.2707510000016,False,MORTEN HEMPEL JENSEN,2023-2024,Herreliga,POSITIVE
Mors-Thy Håndbold vs SAH,43.56,Skud reddet,PL,SAH,22,20,70,1.2,1.5,1.0,1.2000000000000002,151.20000000000002,NORMAL,1.0,1.2096000000000002,1513.2707510000016,1514.4803510000015,False,MORTEN HEMPEL JENSEN,2023-2024,Herreliga,POSITIVE
Mors-Thy Håndbold vs SAH,49.01,Mål,VB,SAH,25,24,65,1.5,1.5,1.0,1.7250000000000003,252.28125000000006,NORMAL,1.0,2.0182500000000005,1514.4803510000015,1516.4986010000016,False,MORTEN HEMPEL JENSEN,2023-2024,Herreliga,POSITIVE
Mors-Thy Håndbold vs SAH,51.17,Mål,PL,SAH,26,26,65,1.4,1.7,1.0,1.7000000000000002,262.99,NORMAL,1.0,2.10392,1516.4986010000016,1518.6025210000016,False,MORTEN HEMPEL JENSEN,2023-2024,Herreliga,POSITIVE
Mors-Thy Håndbold vs SAH,53.20,Skud reddet,PL,SAH,26,26,70,1.4,1.7,1.0,1.5000000000000002,249.90000000000003,NORMAL,1.0,1.9992000000000003,1518.6025210000016,1520.6017210000016,False,MORTEN HEMPEL JENSEN,2023-2024,Herreliga,POSITIVE
Mors-Thy Håndbold vs SAH,54.41,Mål,PL,SAH,27,27,65,1.4,1.7,1.0,1.7000000000000002,262.99,NORMAL,1.0,2.10392,1520.6017210000016,1522.7056410000016,False,MORTEN HEMPEL JENSEN,2023-2024,Herreliga,POSITIVE
Mors-Thy Håndbold vs SAH,59.34,Skud reddet,PL,SAH,29,29,70,1.8,1.7,1.0,1.8000000000000003,385.56000000000006,NORMAL,1.0,3.0844800000000006,1522.7056410000016,1525.7901210000016,False,MORTEN HEMPEL JENSEN,2023-2024,Herreliga,POSITIVE
Mors-Thy Håndbold vs SAH,6.04,Skud reddet,PL,SAH,3,4,70,1.0,1.5,1.0,1.225,128.625,NORMAL,1.0,1.029,1506.8376110000017,1507.8666110000017,False,MORTEN HEMPEL JENSEN,2023-2024,Herreliga,POSITIVE
Nordsjælland Håndbold vs SAH,19.48,Mål,PL,SAH,7,8,65,1.0,1.5,1.0,1.225,119.43750000000001,NORMAL,1.0,0.9555000000000001,1309.664131600001,1310.619631600001,False,MORTEN HEMPEL JENSEN,2023-2024,Herreliga,POSITIVE
Nordsjælland Håndbold vs SAH,2.57,Mål,PL,SAH,0,3,65,1.0,1.2,1.0,1.075,83.85,NORMAL,1.0,0.6708,1308.9933316000008,1309.664131600001,False,MORTEN HEMPEL JENSEN,2023-2024,Herreliga,POSITIVE
Nordsjælland Håndbold vs SAH,23.51,Skud blokeret,PL,SAH,9,10,-8,1.0,1.5,1.0,1.215,-14.580000000000002,NORMAL,1.0,-0.11664000000000002,1310.619631600001,1310.502991600001,False,MORTEN HEMPEL JENSEN,2023-2024,Herreliga,NEUTRAL
Nordsjælland Håndbold vs SAH,24.44,Mål på straffe,PL,SAH,9,11,60,1.0,1.5,1.0,1.1500000000000001,103.50000000000001,NORMAL,1.0,0.8280000000000002,1310.502991600001,1311.330991600001,False,MORTEN HEMPEL JENSEN,2023-2024,Herreliga,POSITIVE
Nordsjælland Håndbold vs SAH,26.07,Skud reddet,PL,SAH,9,11,70,1.4,1.5,1.0,1.2500000000000002,183.75000000000003,NORMAL,1.0,1.4700000000000002,1311.330991600001,1312.800991600001,False,MORTEN HEMPEL JENSEN,2023-2024,Herreliga,POSITIVE
Nordsjælland Håndbold vs SAH,31.44,Mål på straffe,PL,SAH,13,14,60,1.0,1.5,1.0,1.225,110.25000000000001,NORMAL,1.0,0.8820000000000001,1312.800991600001,1313.682991600001,False,MORTEN HEMPEL JENSEN,2023-2024,Herreliga,POSITIVE
Nordsjælland Håndbold vs SAH,34.35,Skud reddet,PL,SAH,14,14,70,1.0,1.7,1.0,1.3000000000000003,154.70000000000005,NORMAL,1.0,1.2376000000000005,1313.682991600001,1314.920591600001,False,MORTEN HEMPEL JENSEN,2023-2024,Herreliga,POSITIVE
Nordsjælland Håndbold vs SAH,36.43,Mål,VB,SAH,16,15,65,1.0,1.5,1.0,1.6000000000000003,156.00000000000003,NORMAL,1.0,1.2480000000000002,1314.920591600001,1316.168591600001,False,MORTEN HEMPEL JENSEN,2023-2024,Herreliga,POSITIVE
Nordsjælland Håndbold vs SAH,39.13,Mål,VB,SAH,17,17,65,1.0,1.7,1.0,1.5000000000000002,165.75000000000003,NORMAL,1.0,1.3260000000000003,1316.168591600001,1317.494591600001,False,MORTEN HEMPEL JENSEN,2023-2024,Herreliga,POSITIVE
Nordsjælland Håndbold vs SAH,43.54,Mål,PL,SAH,18,18,65,1.2,1.7,1.0,1.5500000000000003,205.53000000000003,NORMAL,1.0,1.6442400000000004,1317.494591600001,1319.1388316000011,False,MORTEN HEMPEL JENSEN,2023-2024,Herreliga,POSITIVE
Nordsjælland Håndbold vs SAH,51.08,Skud reddet,PL,SAH,20,22,70,1.4,1.5,1.0,1.3500000000000003,198.45000000000005,NORMAL,1.0,1.5876000000000003,1319.1388316000011,1320.7264316000012,False,MORTEN HEMPEL JENSEN,2023-2024,Herreliga,POSITIVE
Nordsjælland Håndbold vs SAH,52.39,Mål,VB,SAH,21,23,65,1.4,1.5,1.0,1.3500000000000003,184.27500000000003,NORMAL,1.0,1.4742000000000004,1320.7264316000012,1322.2006316000013,False,MORTEN HEMPEL JENSEN,2023-2024,Herreliga,POSITIVE
Nordsjælland Håndbold vs SAH,53.51,Mål,PL,SAH,21,24,65,1.4,1.2,1.0,1.2750000000000001,139.23000000000002,NORMAL,1.0,1.1138400000000002,1322.2006316000013,1323.3144716000013,False,MORTEN HEMPEL JENSEN,2023-2024,Herreliga,POSITIVE
Nordsjælland Håndbold vs SAH – Skanderborg AGF,0.52,Mål,PL,SAH,0,1,65,1.0,1.5,1.0,1.225,119.43750000000001,NORMAL,1.0,0.9555000000000001,1254.6445908000003,1255.6000908000003,False,MORTEN HEMPEL JENSEN,2023-2024,Herreliga,POSITIVE
Nordsjælland Håndbold vs SAH – Skanderborg AGF,1.38,Skud på stolpe,PL,SAH,1,1,-5,1.0,1.7,1.0,1.2900000000000003,-10.965000000000002,NORMAL,1.0,-0.08772000000000002,1255.6000908000003,1255.5123708000003,False,MORTEN HEMPEL JENSEN,2023-2024,Herreliga,NEUTRAL
Nordsjælland Håndbold vs SAH – Skanderborg AGF,15.34,Tilkendt straffe,PL,SAH,7,6,25,1.0,1.5,1.0,1.225,45.9375,NORMAL,1.0,0.3675,1256.7603708000004,1257.1278708000004,False,MORTEN HEMPEL JENSEN,2023-2024,Herreliga,POSITIVE
Nordsjælland Håndbold vs SAH – Skanderborg AGF,16.47,Mål på straffe,PL,SAH,8,7,60,1.0,1.5,1.0,1.6000000000000003,144.00000000000003,NORMAL,1.0,1.1520000000000004,1257.1278708000004,1258.2798708000005,False,MORTEN HEMPEL JENSEN,2023-2024,Herreliga,POSITIVE
Nordsjælland Håndbold vs SAH – Skanderborg AGF,18.35,Mål,HF,SAH,8,8,65,1.0,1.7,1.0,1.5000000000000002,165.75000000000003,NORMAL,1.0,1.3260000000000003,1258.2798708000005,1259.6058708000005,False,MORTEN HEMPEL JENSEN,2023-2024,Herreliga,POSITIVE
Nordsjælland Håndbold vs SAH – Skanderborg AGF,21.42,Skud reddet,PL,SAH,9,9,70,1.0,1.7,1.0,1.3000000000000003,154.70000000000005,NORMAL,1.0,1.2376000000000005,1259.6058708000005,1260.8434708000004,False,MORTEN HEMPEL JENSEN,2023-2024,Herreliga,POSITIVE
Nordsjælland Håndbold vs SAH – Skanderborg AGF,26.07,Skud forbi,PL,SAH,10,10,-15,1.4,1.7,1.0,1.4200000000000002,-50.694,NORMAL,1.0,-0.405552,1260.8434708000004,1260.4379188000005,False,MORTEN HEMPEL JENSEN,2023-2024,Herreliga,NEGATIVE
Nordsjælland Håndbold vs SAH – Skanderborg AGF,32.12,Skud reddet,PL,SAH,14,12,70,1.0,1.5,1.0,1.1500000000000001,120.75000000000001,NORMAL,1.0,0.9660000000000001,1260.4379188000005,1261.4039188000004,False,MORTEN HEMPEL JENSEN,2023-2024,Herreliga,POSITIVE
Nordsjælland Håndbold vs SAH – Skanderborg AGF,34.07,Mål,ST,SAH,15,13,65,1.0,1.5,1.0,1.2500000000000002,121.87500000000003,NORMAL,1.0,0.9750000000000002,1261.4039188000004,1262.3789188000003,False,MORTEN HEMPEL JENSEN,2023-2024,Herreliga,POSITIVE
Nordsjælland Håndbold vs SAH – Skanderborg AGF,38.44,Mål,VB,SAH,16,16,65,1.0,1.7,1.0,1.5000000000000002,165.75000000000003,NORMAL,1.0,1.3260000000000003,1262.3789188000003,1263.7049188000003,False,MORTEN HEMPEL JENSEN,2023-2024,Herreliga,POSITIVE
Nordsjælland Håndbold vs SAH – Skanderborg AGF,41.29,Mål,PL,SAH,19,18,65,1.2,1.5,1.0,1.6500000000000001,193.05,NORMAL,1.0,1.5444000000000002,1263.7049188000003,1265.2493188000003,False,MORTEN HEMPEL JENSEN,2023-2024,Herreliga,POSITIVE
Nordsjælland Håndbold vs SAH – Skanderborg AGF,45.09,Skud blokeret,PL,SAH,23,19,-8,1.5,1.2,1.0,1.1900000000000002,-17.136,NORMAL,1.0,-0.137088,1265.2493188000003,1265.1122308000004,False,MORTEN HEMPEL JENSEN,2023-2024,Herreliga,NEUTRAL
Nordsjælland Håndbold vs SAH – Skanderborg AGF,50.32,Skud blokeret,PL,SAH,25,21,-8,1.4,1.2,1.0,1.2650000000000001,-17.0016,NORMAL,1.0,-0.1360128,1265.1122308000004,1264.9762180000005,False,MORTEN HEMPEL JENSEN,2023-2024,Herreliga,NEUTRAL
Nordsjælland Håndbold vs SAH – Skanderborg AGF,52.37,Skud reddet,VB,SAH,26,21,70,1.4,1.2,1.0,1.2250000000000003,144.06000000000003,NORMAL,1.0,1.1524800000000002,1264.9762180000005,1266.1286980000004,False,MORTEN HEMPEL JENSEN,2023-2024,Herreliga,POSITIVE
Nordsjælland Håndbold vs SAH – Skanderborg AGF,54.33,Mål,PL,SAH,27,23,65,1.4,1.2,1.0,1.4750000000000003,161.07000000000005,NORMAL,1.0,1.2885600000000004,1266.1286980000004,1267.4172580000004,False,MORTEN HEMPEL JENSEN,2023-2024,Herreliga,POSITIVE
Nordsjælland Håndbold vs SAH – Skanderborg AGF,55.38,Regelfejl,PL,SAH,27,23,-22,2.4,1.2,1.0,1.445,-91.5552,NORMAL,1.0,-0.7324416,1267.4172580000004,1266.6848164000005,False,MORTEN HEMPEL JENSEN,2023-2024,Herreliga,NEGATIVE
Nordsjælland Håndbold vs SAH – Skanderborg AGF,57.41,Mål,ST,SAH,29,25,65,2.4,1.2,1.0,1.6250000000000002,304.20000000000005,NORMAL,1.0,2.4336,1266.6848164000005,1269.1184164000006,False,MORTEN HEMPEL JENSEN,2023-2024,Herreliga,POSITIVE
Nordsjælland Håndbold vs SAH – Skanderborg AGF,58.07,Skud reddet,VB,SAH,29,25,70,1.8,1.2,1.0,1.5750000000000002,238.14000000000001,NORMAL,1.0,1.9051200000000001,1269.1184164000006,1271.0235364000005,False,MORTEN HEMPEL JENSEN,2023-2024,Herreliga,POSITIVE
Nordsjælland Håndbold vs SAH – Skanderborg AGF,7.41,Mål,VB,SAH,4,3,65,1.0,1.5,1.0,1.6000000000000003,156.00000000000003,NORMAL,1.0,1.2480000000000002,1255.5123708000003,1256.7603708000004,False,MORTEN HEMPEL JENSEN,2023-2024,Herreliga,POSITIVE
Ribe-Esbjerg HH vs SAH,1.06,Skud reddet,PL,SAH,1,0,70,1.0,1.5,1.0,1.225,128.625,NORMAL,1.0,1.029,1288.6167244000005,1289.6457244000005,False,MORTEN HEMPEL JENSEN,2023-2024,Herreliga,POSITIVE
Ribe-Esbjerg HH vs SAH,1.10,Mål,ST,SAH,1,1,65,1.0,1.7,1.0,1.5000000000000002,165.75000000000003,NORMAL,1.0,1.3260000000000003,1289.6457244000005,1290.9717244000005,False,MORTEN HEMPEL JENSEN,2023-2024,Herreliga,POSITIVE
Ribe-Esbjerg HH vs SAH,1.43,Udvisning,PL,SAH,1,1,-45,1.0,1.7,1.0,1.32,-100.98,NORMAL,1.0,-0.80784,1290.9717244000005,1290.1638844000006,False,MORTEN HEMPEL JENSEN,2023-2024,Herreliga,NEGATIVE
Ribe-Esbjerg HH vs SAH,12.15,Mål på straffe,PL,SAH,7,3,60,1.0,1.2,1.0,1.2750000000000001,91.80000000000001,NORMAL,1.0,0.7344,1290.0003004000007,1290.7347004000007,False,MORTEN HEMPEL JENSEN,2023-2024,Herreliga,POSITIVE
Ribe-Esbjerg HH vs SAH,28.26,Mål,HF,SAH,12,10,65,1.6,1.5,1.0,1.4000000000000001,218.40000000000003,NORMAL,1.0,1.7472000000000003,1290.7347004000007,1292.4819004000008,False,MORTEN HEMPEL JENSEN,2023-2024,Herreliga,POSITIVE
Ribe-Esbjerg HH vs SAH,5.53,Skud blokeret,VB,SAH,5,1,-8,1.0,1.2,1.0,1.065,-10.223999999999998,NORMAL,1.0,-0.08179199999999999,1290.1638844000006,1290.0820924000006,False,MORTEN HEMPEL JENSEN,2023-2024,Herreliga,NEUTRAL
Ribe-Esbjerg HH vs SAH,52.20,Mål på straffe,PL,SAH,20,22,60,1.4,1.5,1.0,1.3500000000000003,170.10000000000005,NORMAL,1.0,1.3608000000000005,1292.4819004000008,1293.8427004000007,False,MORTEN HEMPEL JENSEN,2023-2024,Herreliga,POSITIVE
Ribe-Esbjerg HH vs SAH,54.01,Mål på straffe,PL,SAH,20,23,60,1.4,1.2,1.0,1.2750000000000001,128.52,NORMAL,1.0,1.0281600000000002,1293.8427004000007,1294.8708604000008,False,MORTEN HEMPEL JENSEN,2023-2024,Herreliga,POSITIVE
Ribe-Esbjerg HH vs SAH,59.50,Mål,PL,SAH,23,27,65,1.8,1.2,1.0,1.5750000000000002,221.13000000000002,NORMAL,1.0,1.7690400000000002,1294.8708604000008,1296.6399004000007,False,MORTEN HEMPEL JENSEN,2023-2024,Herreliga,POSITIVE
Ribe-Esbjerg HH vs SAH,6.29,Skud blokeret,VB,SAH,5,1,-8,1.0,1.2,1.0,1.065,-10.223999999999998,NORMAL,1.0,-0.08179199999999999,1290.0820924000006,1290.0003004000007,False,MORTEN HEMPEL JENSEN,2023-2024,Herreliga,NEUTRAL
SAH - Skjern Håndbold vs SKH,1.53,Skud reddet,PL,SAH,1,0,70,1.0,1.5,1.0,1.225,128.625,NORMAL,1.0,1.029,1323.3144716000013,1324.3434716000013,False,MORTEN HEMPEL JENSEN,2023-2024,Herreliga,POSITIVE
SAH - Skjern Håndbold vs SKH,10.09,Udvisning,PL,SAH,5,5,-45,1.0,1.7,1.0,1.32,-100.98,NORMAL,1.0,-0.80784,1324.3434716000013,1323.5356316000014,False,MORTEN HEMPEL JENSEN,2023-2024,Herreliga,NEGATIVE
SAH - Skjern Håndbold vs SKH,31.07,Mål,PL,SAH,11,15,65,1.0,1.2,1.0,1.075,83.85,NORMAL,1.0,0.6708,1323.5356316000014,1324.2064316000015,False,MORTEN HEMPEL JENSEN,2023-2024,Herreliga,POSITIVE
SAH - Skjern Håndbold vs SKH,32.17,Fejlaflevering,PL,SAH,11,15,-30,1.0,1.2,1.0,1.095,-39.42,NORMAL,1.0,-0.31536000000000003,1324.2064316000015,1323.8910716000014,False,MORTEN HEMPEL JENSEN,2023-2024,Herreliga,NEGATIVE
SAH - Skjern Håndbold vs SKH,33.07,Mål,PL,SAH,12,15,65,1.0,1.2,1.0,1.075,83.85,NORMAL,1.0,0.6708,1323.8910716000014,1324.5618716000015,False,MORTEN HEMPEL JENSEN,2023-2024,Herreliga,POSITIVE
SAH - Skjern Håndbold vs SKH,39.16,Skud blokeret,PL,SAH,14,18,-8,1.0,1.2,1.0,1.065,-10.223999999999998,NORMAL,1.0,-0.08179199999999999,1324.5618716000015,1324.4800796000015,False,MORTEN HEMPEL JENSEN,2023-2024,Herreliga,NEUTRAL
SAH - Skjern Håndbold vs SKH,43.40,Mål,HF,SAH,16,19,65,1.2,1.2,1.0,1.125,105.3,NORMAL,1.0,0.8424,1324.4800796000015,1325.3224796000015,False,MORTEN HEMPEL JENSEN,2023-2024,Herreliga,POSITIVE
SAH - Skjern Håndbold vs SKH,48.49,Udvisning,PL,SAH,17,19,-45,1.5,1.5,1.0,1.2950000000000002,-131.11875,NORMAL,1.0,-1.04895,1325.3224796000015,1324.2735296000014,False,MORTEN HEMPEL JENSEN,2023-2024,Herreliga,NEGATIVE
SAH - Skjern Håndbold vs SKH,55.46,Mål,PL,SAH,21,23,65,2.4,1.5,1.0,1.5000000000000002,351.00000000000006,NORMAL,1.0,2.8080000000000007,1324.2735296000014,1327.0815296000014,False,MORTEN HEMPEL JENSEN,2023-2024,Herreliga,POSITIVE
SAH vs Aalborg Håndbold,11.03,Mål,PL,SAH,4,4,65,1.0,1.7,1.0,1.5000000000000002,165.75000000000003,NORMAL,1.0,1.3260000000000003,1271.8386844000006,1273.1646844000006,False,MORTEN HEMPEL JENSEN,2023-2024,Herreliga,POSITIVE
SAH vs Aalborg Håndbold,14.32,Mål,HF,SAH,5,6,65,1.0,1.5,1.0,1.6000000000000003,156.00000000000003,NORMAL,1.0,1.2480000000000002,1273.1646844000006,1274.4126844000007,False,MORTEN HEMPEL JENSEN,2023-2024,Herreliga,POSITIVE
SAH vs Aalborg Håndbold,19.44,Mål,HF,SAH,8,9,65,1.0,1.5,1.0,1.6000000000000003,156.00000000000003,NORMAL,1.0,1.2480000000000002,1274.4126844000007,1275.6606844000007,False,MORTEN HEMPEL JENSEN,2023-2024,Herreliga,POSITIVE
SAH vs Aalborg Håndbold,2.50,Skud blokeret,PL,SAH,0,0,-8,1.0,1.7,1.0,1.2900000000000003,-17.544000000000004,NORMAL,1.0,-0.14035200000000003,1271.0235364000005,1270.8831844000006,False,MORTEN HEMPEL JENSEN,2023-2024,Herreliga,NEUTRAL
SAH vs Aalborg Håndbold,23.43,Fejlaflevering,PL,SAH,8,9,-30,1.0,1.5,1.0,1.245,-56.025000000000006,NORMAL,1.0,-0.44820000000000004,1275.6606844000007,1275.2124844000007,False,MORTEN HEMPEL JENSEN,2023-2024,Herreliga,NEGATIVE
SAH vs Aalborg Håndbold,25.20,Straffekast reddet,PL,SAH,8,10,120,1.4,1.5,1.0,1.2500000000000002,315.00000000000006,NORMAL,1.0,2.5200000000000005,1275.2124844000007,1277.7324844000007,False,MORTEN HEMPEL JENSEN,2023-2024,Herreliga,POSITIVE
SAH vs Aalborg Håndbold,33.41,Skud reddet,PL,SAH,10,14,70,1.0,1.2,1.0,1.075,90.3,NORMAL,1.0,0.7224,1277.7324844000007,1278.4548844000008,False,MORTEN HEMPEL JENSEN,2023-2024,Herreliga,POSITIVE
SAH vs Aalborg Håndbold,4.50,Mål,ST,SAH,2,1,65,1.0,1.5,1.0,1.225,119.43750000000001,NORMAL,1.0,0.9555000000000001,1270.8831844000006,1271.8386844000006,False,MORTEN HEMPEL JENSEN,2023-2024,Herreliga,POSITIVE
SAH vs Aalborg Håndbold,45.06,Skud reddet,VB,SAH,13,23,70,1.5,0.9,1.0,1.075,101.58749999999999,NORMAL,1.0,0.8127,1278.4548844000008,1279.2675844000007,False,MORTEN HEMPEL JENSEN,2023-2024,Herreliga,POSITIVE
SAH vs Aalborg Håndbold,52.06,Mål,PL,SAH,17,25,65,1.4,0.9,1.0,1.4500000000000004,118.75500000000004,NORMAL,1.0,0.9500400000000003,1279.2675844000007,1280.2176244000007,False,MORTEN HEMPEL JENSEN,2023-2024,Herreliga,POSITIVE
SAH vs Aalborg Håndbold,57.52,Mål,PL,SAH,19,26,65,2.4,0.9,1.0,1.6000000000000003,224.64000000000004,NORMAL,1.0,1.7971200000000003,1280.2176244000007,1282.0147444000006,False,MORTEN HEMPEL JENSEN,2023-2024,Herreliga,POSITIVE
SAH vs Bjerringbro-Silkeborg,1.31,Skud reddet,PL,SAH,0,0,70,1.0,1.7,1.0,1.3000000000000003,154.70000000000005,NORMAL,1.0,1.2376000000000005,1354.8853744000012,1356.122974400001,False,MORTEN HEMPEL JENSEN,2023-2024,Herreliga,POSITIVE
SAH vs Bjerringbro-Silkeborg,11.23,Mål på straffe,PL,SAH,5,6,60,1.0,1.5,1.0,1.6000000000000003,144.00000000000003,NORMAL,1.0,1.1520000000000004,1356.988534400001,1358.1405344000011,False,MORTEN HEMPEL JENSEN,2023-2024,Herreliga,POSITIVE
SAH vs Bjerringbro-Silkeborg,13.04,Skud reddet,VB,SAH,5,6,70,1.0,1.5,1.0,1.225,128.625,NORMAL,1.0,1.029,1358.1405344000011,1359.169534400001,False,MORTEN HEMPEL JENSEN,2023-2024,Herreliga,POSITIVE
SAH vs Bjerringbro-Silkeborg,18.17,Mål,PL,SAH,6,8,65,1.0,1.5,1.0,1.2500000000000002,121.87500000000003,NORMAL,1.0,0.9750000000000002,1359.169534400001,1360.144534400001,False,MORTEN HEMPEL JENSEN,2023-2024,Herreliga,POSITIVE
SAH vs Bjerringbro-Silkeborg,20.03,Fejlaflevering,PL,SAH,6,9,-30,1.0,1.2,1.0,1.095,-39.42,NORMAL,1.0,-0.31536000000000003,1360.144534400001,1359.829174400001,False,MORTEN HEMPEL JENSEN,2023-2024,Herreliga,NEGATIVE
SAH vs Bjerringbro-Silkeborg,21.17,Udvisning,PL,SAH,6,10,-45,1.0,1.2,1.0,1.095,-59.129999999999995,NORMAL,1.0,-0.47303999999999996,1359.829174400001,1359.3561344000009,False,MORTEN HEMPEL JENSEN,2023-2024,Herreliga,NEGATIVE
SAH vs Bjerringbro-Silkeborg,26.19,Mål,HF,SAH,8,12,65,1.4,1.2,1.0,1.3750000000000002,150.15000000000003,NORMAL,1.0,1.2012000000000003,1359.3561344000009,1360.5573344000009,False,MORTEN HEMPEL JENSEN,2023-2024,Herreliga,POSITIVE
SAH vs Bjerringbro-Silkeborg,27.48,Mål på straffe,PL,SAH,9,12,60,1.4,1.2,1.0,1.3750000000000002,138.60000000000002,NORMAL,1.0,1.1088000000000002,1360.5573344000009,1361.6661344000008,False,MORTEN HEMPEL JENSEN,2023-2024,Herreliga,POSITIVE
SAH vs Bjerringbro-Silkeborg,33.55,Mål på straffe,PL,SAH,11,13,60,1.0,1.5,1.0,1.2500000000000002,112.50000000000001,NORMAL,1.0,0.9000000000000001,1361.6661344000008,1362.566134400001,False,MORTEN HEMPEL JENSEN,2023-2024,Herreliga,POSITIVE
SAH vs Bjerringbro-Silkeborg,38.30,Mål,PL,SAH,14,15,65,1.0,1.5,1.0,1.6000000000000003,156.00000000000003,NORMAL,1.0,1.2480000000000002,1362.566134400001,1363.814134400001,False,MORTEN HEMPEL JENSEN,2023-2024,Herreliga,POSITIVE
SAH vs Bjerringbro-Silkeborg,40.51,Mål,HF,SAH,15,16,65,1.2,1.5,1.0,1.6500000000000001,193.05,NORMAL,1.0,1.5444000000000002,1363.814134400001,1365.358534400001,False,MORTEN HEMPEL JENSEN,2023-2024,Herreliga,POSITIVE
SAH vs Bjerringbro-Silkeborg,42.37,Skud reddet,PL,SAH,15,16,70,1.2,1.5,1.0,1.2750000000000001,160.65,NORMAL,1.0,1.2852000000000001,1365.358534400001,1366.643734400001,False,MORTEN HEMPEL JENSEN,2023-2024,Herreliga,POSITIVE
SAH vs Bjerringbro-Silkeborg,44.02,Skud på stolpe,HB,SAH,15,16,-5,1.2,1.5,1.0,1.2650000000000001,-11.385000000000002,NORMAL,1.0,-0.09108000000000001,1366.643734400001,1366.552654400001,False,MORTEN HEMPEL JENSEN,2023-2024,Herreliga,NEUTRAL
SAH vs Bjerringbro-Silkeborg,58.04,Regelfejl,PL,SAH,21,18,-22,1.8,1.2,1.0,1.595,-75.79440000000001,NORMAL,1.0,-0.6063552000000001,1366.552654400001,1365.946299200001,False,MORTEN HEMPEL JENSEN,2023-2024,Herreliga,NEGATIVE
SAH vs Bjerringbro-Silkeborg,59.33,Mål,HB,SAH,22,19,65,1.8,1.2,1.0,1.5750000000000002,221.13000000000002,NORMAL,1.0,1.7690400000000002,1365.946299200001,1367.715339200001,False,MORTEN HEMPEL JENSEN,2023-2024,Herreliga,POSITIVE
SAH vs Bjerringbro-Silkeborg,6.32,Skud blokeret,PL,SAH,1,3,-8,1.0,1.5,1.0,1.1400000000000001,-13.680000000000001,NORMAL,1.0,-0.10944000000000001,1356.122974400001,1356.0135344000012,False,MORTEN HEMPEL JENSEN,2023-2024,Herreliga,NEUTRAL
SAH vs Bjerringbro-Silkeborg,7.14,Mål,ST,SAH,2,4,65,1.0,1.5,1.0,1.2500000000000002,121.87500000000003,NORMAL,1.0,0.9750000000000002,1356.0135344000012,1356.988534400001,False,MORTEN HEMPEL JENSEN,2023-2024,Herreliga,POSITIVE
SAH vs Fredericia Håndboldklub,1.28,Mål,VB,SAH,1,1,65,1.0,1.7,1.0,1.5000000000000002,165.75000000000003,NORMAL,1.0,1.3260000000000003,1452.4447872000019,1453.770787200002,False,MORTEN HEMPEL JENSEN,2023-2024,Herreliga,POSITIVE
SAH vs Fredericia Håndboldklub,1.54,Tabt bold,PL,SAH,1,2,-25,1.0,1.5,1.0,1.245,-46.68750000000001,NORMAL,1.0,-0.37350000000000005,1453.770787200002,1453.397287200002,False,MORTEN HEMPEL JENSEN,2023-2024,Herreliga,NEGATIVE
SAH vs Fredericia Håndboldklub,17.08,Mål,VB,SAH,8,10,65,1.0,1.5,1.0,1.2500000000000002,121.87500000000003,NORMAL,1.0,0.9750000000000002,1454.952487200002,1455.927487200002,False,MORTEN HEMPEL JENSEN,2023-2024,Herreliga,POSITIVE
SAH vs Fredericia Håndboldklub,20.31,Fejlaflevering,PL,SAH,10,11,-30,1.0,1.5,1.0,1.245,-56.025000000000006,NORMAL,1.0,-0.44820000000000004,1455.927487200002,1455.4792872000019,False,MORTEN HEMPEL JENSEN,2023-2024,Herreliga,NEGATIVE
SAH vs Fredericia Håndboldklub,21.45,Tilkendt straffe,PL,SAH,10,12,25,1.0,1.5,1.0,1.1500000000000001,43.12500000000001,NORMAL,1.0,0.3450000000000001,1455.4792872000019,1455.824287200002,False,MORTEN HEMPEL JENSEN,2023-2024,Herreliga,POSITIVE
SAH vs Fredericia Håndboldklub,22.06,Mål på straffe,PL,SAH,11,12,60,1.0,1.5,1.0,1.6000000000000003,144.00000000000003,NORMAL,1.0,1.1520000000000004,1455.824287200002,1456.976287200002,False,MORTEN HEMPEL JENSEN,2023-2024,Herreliga,POSITIVE
SAH vs Fredericia Håndboldklub,24.38,Skud reddet,PL,SAH,12,12,70,1.0,1.7,1.0,1.3000000000000003,154.70000000000005,NORMAL,1.0,1.2376000000000005,1456.976287200002,1458.2138872000019,False,MORTEN HEMPEL JENSEN,2023-2024,Herreliga,POSITIVE
SAH vs Fredericia Håndboldklub,3.06,Udvisning,PL,SAH,1,3,-45,1.0,1.5,1.0,1.1700000000000002,-78.97500000000001,NORMAL,1.0,-0.6318,1453.397287200002,1452.7654872000019,False,MORTEN HEMPEL JENSEN,2023-2024,Herreliga,NEGATIVE
SAH vs Fredericia Håndboldklub,30.32,Skud reddet,VB,SAH,16,14,70,1.0,1.5,1.0,1.1500000000000001,120.75000000000001,NORMAL,1.0,0.9660000000000001,1458.2138872000019,1459.1798872000018,False,MORTEN HEMPEL JENSEN,2023-2024,Herreliga,POSITIVE
SAH vs Fredericia Håndboldklub,46.28,Mål på straffe,PL,SAH,22,21,60,1.5,1.5,1.0,1.3500000000000003,182.25000000000003,NORMAL,1.0,1.4580000000000002,1459.1798872000018,1460.6378872000018,False,MORTEN HEMPEL JENSEN,2023-2024,Herreliga,POSITIVE
SAH vs Fredericia Håndboldklub,5.30,Tilkendt straffe,PL,SAH,1,4,25,1.0,1.2,1.0,1.075,32.25,NORMAL,1.0,0.258,1452.7654872000019,1453.023487200002,False,MORTEN HEMPEL JENSEN,2023-2024,Herreliga,POSITIVE
SAH vs Fredericia Håndboldklub,5.50,Mål på straffe,PL,SAH,2,4,60,1.0,1.5,1.0,1.2500000000000002,112.50000000000001,NORMAL,1.0,0.9000000000000001,1453.023487200002,1453.923487200002,False,MORTEN HEMPEL JENSEN,2023-2024,Herreliga,POSITIVE
SAH vs Fredericia Håndboldklub,50.42,Mål på straffe,PL,SAH,25,22,60,1.4,1.2,1.0,1.2750000000000001,128.52,NORMAL,1.0,1.0281600000000002,1460.6378872000018,1461.666047200002,False,MORTEN HEMPEL JENSEN,2023-2024,Herreliga,POSITIVE
SAH vs Fredericia Håndboldklub,56.20,Skud reddet,PL,SAH,28,25,70,2.4,1.2,1.0,1.4250000000000003,287.28000000000003,NORMAL,1.0,2.2982400000000003,1461.666047200002,1463.964287200002,False,MORTEN HEMPEL JENSEN,2023-2024,Herreliga,POSITIVE
SAH vs Fredericia Håndboldklub,58.54,Skud reddet,VB,SAH,28,27,70,1.8,1.5,1.0,1.7250000000000003,326.02500000000003,NORMAL,1.0,2.6082000000000005,1463.964287200002,1466.572487200002,False,MORTEN HEMPEL JENSEN,2023-2024,Herreliga,POSITIVE
SAH vs Fredericia Håndboldklub,59.37,Mål,PL,SAH,30,27,65,1.8,1.2,1.0,1.5750000000000002,221.13000000000002,NORMAL,1.0,1.7690400000000002,1466.572487200002,1468.3415272000018,False,MORTEN HEMPEL JENSEN,2023-2024,Herreliga,POSITIVE
SAH vs Fredericia Håndboldklub,8.13,Skud reddet,PL,SAH,3,4,70,1.0,1.5,1.0,1.225,128.625,NORMAL,1.0,1.029,1453.923487200002,1454.952487200002,False,MORTEN HEMPEL JENSEN,2023-2024,Herreliga,POSITIVE
SAH vs GOG,0.43,Skud på stolpe,PL,SAH,0,1,-5,1.0,1.5,1.0,1.215,-9.1125,NORMAL,1.0,-0.0729,1431.1219232000014,1431.0490232000016,False,MORTEN HEMPEL JENSEN,2023-2024,Herreliga,NEUTRAL
SAH vs GOG,15.39,Mål på straffe,PL,SAH,9,9,60,1.0,1.7,1.0,1.5000000000000002,153.00000000000003,NORMAL,1.0,1.2240000000000002,1434.4516232000014,1435.6756232000014,False,MORTEN HEMPEL JENSEN,2023-2024,Herreliga,POSITIVE
SAH vs GOG,2.18,Skud på stolpe,VB,SAH,0,2,-5,1.0,1.5,1.0,1.1400000000000001,-8.55,NORMAL,1.0,-0.0684,1431.0490232000016,1430.9806232000014,False,MORTEN HEMPEL JENSEN,2023-2024,Herreliga,NEUTRAL
SAH vs GOG,26.12,Skud reddet,PL,SAH,11,14,70,1.4,1.2,1.0,1.1750000000000003,138.18000000000004,NORMAL,1.0,1.1054400000000002,1435.6756232000014,1436.7810632000014,False,MORTEN HEMPEL JENSEN,2023-2024,Herreliga,POSITIVE
SAH vs GOG,31.16,Mål,VB,SAH,15,16,65,1.0,1.5,1.0,1.6000000000000003,156.00000000000003,NORMAL,1.0,1.2480000000000002,1436.7810632000014,1438.0290632000015,False,MORTEN HEMPEL JENSEN,2023-2024,Herreliga,POSITIVE
SAH vs GOG,4.08,Mål,PL,SAH,1,3,65,1.0,1.5,1.0,1.2500000000000002,121.87500000000003,NORMAL,1.0,0.9750000000000002,1430.9806232000014,1431.9556232000014,False,MORTEN HEMPEL JENSEN,2023-2024,Herreliga,POSITIVE
SAH vs GOG,40.55,Fejlaflevering,PL,SAH,18,21,-30,1.2,1.2,1.0,1.145,-49.464,NORMAL,1.0,-0.395712,1438.0290632000015,1437.6333512000015,False,MORTEN HEMPEL JENSEN,2023-2024,Herreliga,NEGATIVE
SAH vs GOG,46.14,Fejlaflevering,PL,SAH,20,24,-30,1.5,1.2,1.0,1.22,-65.88,NORMAL,1.0,-0.52704,1437.6333512000015,1437.1063112000015,False,MORTEN HEMPEL JENSEN,2023-2024,Herreliga,NEGATIVE
SAH vs GOG,46.41,Mål,VB,SAH,21,25,65,1.5,1.2,1.0,1.4000000000000001,163.8,NORMAL,1.0,1.3104,1437.1063112000015,1438.4167112000016,False,MORTEN HEMPEL JENSEN,2023-2024,Herreliga,POSITIVE
SAH vs GOG,50.27,Straffekast forbi,PL,SAH,22,27,-25,1.4,1.2,1.0,1.2450000000000003,-52.29000000000001,NORMAL,1.0,-0.41832000000000014,1438.4167112000016,1437.9983912000016,False,MORTEN HEMPEL JENSEN,2023-2024,Herreliga,NEGATIVE
SAH vs GOG,51.29,Tilkendt straffe,PL,SAH,22,27,25,1.4,1.2,1.0,1.2250000000000003,51.45000000000001,NORMAL,1.0,0.4116000000000001,1437.9983912000016,1438.4099912000015,False,MORTEN HEMPEL JENSEN,2023-2024,Herreliga,POSITIVE
SAH vs GOG,54.56,Fejlaflevering,PL,SAH,24,29,-30,1.4,1.2,1.0,1.2450000000000003,-62.74800000000001,NORMAL,1.0,-0.5019840000000001,1438.4099912000015,1437.9080072000015,False,MORTEN HEMPEL JENSEN,2023-2024,Herreliga,NEGATIVE
SAH vs GOG,57.10,Fejlaflevering,PL,SAH,25,31,-30,2.4,0.9,1.0,1.3950000000000002,-90.39600000000002,NORMAL,1.0,-0.7231680000000001,1437.9080072000015,1437.1848392000015,False,MORTEN HEMPEL JENSEN,2023-2024,Herreliga,NEGATIVE
SAH vs GOG,6.02,Mål,PL,SAH,3,4,65,1.0,1.5,1.0,1.6000000000000003,156.00000000000003,NORMAL,1.0,1.2480000000000002,1431.9556232000014,1433.2036232000014,False,MORTEN HEMPEL JENSEN,2023-2024,Herreliga,POSITIVE
SAH vs GOG,7.11,Mål,PL,SAH,4,5,65,1.0,1.5,1.0,1.6000000000000003,156.00000000000003,NORMAL,1.0,1.2480000000000002,1433.2036232000014,1434.4516232000014,False,MORTEN HEMPEL JENSEN,2023-2024,Herreliga,POSITIVE
SAH vs KIF Kolding,1.26,Skud blokeret,PL,SAH,0,0,-8,1.0,1.7,1.0,1.2900000000000003,-17.544000000000004,NORMAL,1.0,-0.14035200000000003,1240.5244228000004,1240.3840708000005,False,MORTEN HEMPEL JENSEN,2023-2024,Herreliga,NEUTRAL
SAH vs KIF Kolding,20.13,Skud reddet,PL,SAH,6,11,70,1.0,1.2,1.0,1.025,86.1,NORMAL,1.0,0.6888,1470.4460872000018,1471.1348872000017,False,MORTEN HEMPEL JENSEN,2023-2024,Herreliga,POSITIVE
SAH vs KIF Kolding,20.54,Mål,PL,SAH,7,11,65,1.0,1.2,1.0,1.2750000000000001,99.45000000000002,NORMAL,1.0,0.7956000000000002,1471.1348872000017,1471.9304872000016,False,MORTEN HEMPEL JENSEN,2023-2024,Herreliga,POSITIVE
SAH vs KIF Kolding,21.47,Skud reddet,PL,SAH,8,8,70,1.0,1.7,1.0,1.3000000000000003,154.70000000000005,NORMAL,1.0,1.2376000000000005,1240.7162308000004,1241.9538308000003,False,MORTEN HEMPEL JENSEN,2023-2024,Herreliga,POSITIVE
SAH vs KIF Kolding,21.56,Mål,PL,SAH,8,12,65,1.0,1.2,1.0,1.2750000000000001,99.45000000000002,NORMAL,1.0,0.7956000000000002,1471.9304872000016,1472.7260872000015,False,MORTEN HEMPEL JENSEN,2023-2024,Herreliga,POSITIVE
SAH vs KIF Kolding,25.11,Mål,VB,SAH,9,10,65,1.4,1.5,1.0,1.7000000000000002,232.05,NORMAL,1.0,1.8564,1241.9538308000003,1243.8102308000002,False,MORTEN HEMPEL JENSEN,2023-2024,Herreliga,POSITIVE
SAH vs KIF Kolding,25.51,Mål,VB,SAH,11,16,65,1.4,1.2,1.0,1.4250000000000003,155.61000000000004,NORMAL,1.0,1.2448800000000004,1472.7260872000015,1473.9709672000015,False,MORTEN HEMPEL JENSEN,2023-2024,Herreliga,POSITIVE
SAH vs KIF Kolding,26.44,Mål,VF,SAH,10,10,65,1.4,1.7,1.0,1.6000000000000003,247.52000000000004,NORMAL,1.0,1.9801600000000004,1243.8102308000002,1245.7903908000003,False,MORTEN HEMPEL JENSEN,2023-2024,Herreliga,POSITIVE
SAH vs KIF Kolding,28.57,Mål,HF,SAH,12,17,65,1.6,1.2,1.0,1.4750000000000003,184.08000000000004,NORMAL,1.0,1.4726400000000004,1473.9709672000015,1475.4436072000015,False,MORTEN HEMPEL JENSEN,2023-2024,Herreliga,POSITIVE
SAH vs KIF Kolding,30.00,Skud forbi,VB,SAH,12,18,-15,1.6,0.9,1.0,1.195,-25.812000000000005,NORMAL,1.0,-0.20649600000000004,1475.4436072000015,1475.2371112000014,False,MORTEN HEMPEL JENSEN,2023-2024,Herreliga,NEGATIVE
SAH vs KIF Kolding,30.27,Mål,HF,SAH,12,12,65,1.0,1.7,1.0,1.5000000000000002,165.75000000000003,NORMAL,1.0,1.3260000000000003,1245.7903908000003,1247.1163908000003,False,MORTEN HEMPEL JENSEN,2023-2024,Herreliga,POSITIVE
SAH vs KIF Kolding,32.02,Mål,PL,SAH,13,13,65,1.0,1.7,1.0,1.5000000000000002,165.75000000000003,NORMAL,1.0,1.3260000000000003,1247.1163908000003,1248.4423908000003,False,MORTEN HEMPEL JENSEN,2023-2024,Herreliga,POSITIVE
SAH vs KIF Kolding,32.40,Mål,PL,SAH,14,19,65,1.0,1.2,1.0,1.3250000000000004,103.35000000000004,NORMAL,1.0,0.8268000000000003,1475.2371112000014,1476.0639112000015,False,MORTEN HEMPEL JENSEN,2023-2024,Herreliga,POSITIVE
SAH vs KIF Kolding,37.12,Mål,VB,SAH,16,21,65,1.0,1.2,1.0,1.3250000000000004,103.35000000000004,NORMAL,1.0,0.8268000000000003,1476.0639112000015,1476.8907112000015,False,MORTEN HEMPEL JENSEN,2023-2024,Herreliga,POSITIVE
SAH vs KIF Kolding,39.06,Mål,VB,SAH,16,16,65,1.0,1.7,1.0,1.5000000000000002,165.75000000000003,NORMAL,1.0,1.3260000000000003,1248.4423908000003,1249.7683908000004,False,MORTEN HEMPEL JENSEN,2023-2024,Herreliga,POSITIVE
SAH vs KIF Kolding,40.47,Mål,PL,SAH,19,23,65,1.2,1.2,1.0,1.3250000000000002,124.02000000000001,NORMAL,1.0,0.9921600000000002,1476.8907112000015,1477.8828712000015,False,MORTEN HEMPEL JENSEN,2023-2024,Herreliga,POSITIVE
SAH vs KIF Kolding,41.56,Mål,PL,SAH,20,23,65,1.2,1.2,1.0,1.3250000000000002,124.02000000000001,NORMAL,1.0,0.9921600000000002,1477.8828712000015,1478.8750312000016,False,MORTEN HEMPEL JENSEN,2023-2024,Herreliga,POSITIVE
SAH vs KIF Kolding,43.58,Mål på straffe,PL,SAH,17,18,60,1.2,1.5,1.0,1.6500000000000001,178.20000000000002,NORMAL,1.0,1.4256000000000002,1249.7683908000004,1251.1939908000004,False,MORTEN HEMPEL JENSEN,2023-2024,Herreliga,POSITIVE
SAH vs KIF Kolding,44.31,Mål på straffe,PL,SAH,21,23,60,1.2,1.5,1.0,1.3,140.4,NORMAL,1.0,1.1232,1478.8750312000016,1479.9982312000016,False,MORTEN HEMPEL JENSEN,2023-2024,Herreliga,POSITIVE
SAH vs KIF Kolding,49.22,Mål på straffe,PL,SAH,19,21,60,1.5,1.5,1.0,1.3750000000000002,185.62500000000003,NORMAL,1.0,1.4850000000000003,1251.1939908000004,1252.6789908000003,False,MORTEN HEMPEL JENSEN,2023-2024,Herreliga,POSITIVE
SAH vs KIF Kolding,51.54,Mål,VB,SAH,21,22,65,1.4,1.5,1.0,1.8000000000000003,245.70000000000005,NORMAL,1.0,1.9656000000000005,1252.6789908000003,1254.6445908000003,False,MORTEN HEMPEL JENSEN,2023-2024,Herreliga,POSITIVE
SAH vs KIF Kolding,52.24,Mål,VB,SAH,24,25,65,1.4,1.5,1.0,1.8000000000000003,245.70000000000005,NORMAL,1.0,1.9656000000000005,1479.9982312000016,1481.9638312000016,False,MORTEN HEMPEL JENSEN,2023-2024,Herreliga,POSITIVE
SAH vs KIF Kolding,55.06,Fejlaflevering,PL,SAH,24,26,-30,2.4,1.5,1.0,1.5200000000000002,-164.16000000000003,NORMAL,1.0,-1.3132800000000002,1481.9638312000016,1480.6505512000015,False,MORTEN HEMPEL JENSEN,2023-2024,Herreliga,NEGATIVE
SAH vs KIF Kolding,59.30,Straffekast forbi,PL,SAH,25,28,-25,1.8,1.2,1.0,1.595,-86.13,NORMAL,1.0,-0.68904,1480.6505512000015,1479.9615112000015,False,MORTEN HEMPEL JENSEN,2023-2024,Herreliga,NEGATIVE
SAH vs KIF Kolding,8.14,Mål,PL,SAH,4,5,65,1.0,1.5,1.0,1.6000000000000003,156.00000000000003,NORMAL,1.0,1.2480000000000002,1468.3415272000018,1469.5895272000018,False,MORTEN HEMPEL JENSEN,2023-2024,Herreliga,POSITIVE
SAH vs KIF Kolding,8.41,Fejlaflevering,PL,SAH,4,3,-30,1.0,1.5,1.0,1.245,-56.025000000000006,NORMAL,1.0,-0.44820000000000004,1240.3840708000005,1239.9358708000004,False,MORTEN HEMPEL JENSEN,2023-2024,Herreliga,NEGATIVE
SAH vs KIF Kolding,9.28,Skud blokeret,PL,SAH,4,6,-8,1.0,1.5,1.0,1.1400000000000001,-13.680000000000001,NORMAL,1.0,-0.10944000000000001,1469.5895272000018,1469.480087200002,False,MORTEN HEMPEL JENSEN,2023-2024,Herreliga,NEUTRAL
SAH vs KIF Kolding,9.37,Skud blokeret,PL,SAH,4,3,-8,1.0,1.5,1.0,1.215,-14.580000000000002,NORMAL,1.0,-0.11664000000000002,1239.9358708000004,1239.8192308000005,False,MORTEN HEMPEL JENSEN,2023-2024,Herreliga,NEUTRAL
SAH vs KIF Kolding,9.40,Mål,ST,SAH,5,3,65,1.0,1.5,1.0,1.1500000000000001,112.12500000000001,NORMAL,1.0,0.8970000000000001,1239.8192308000005,1240.7162308000004,False,MORTEN HEMPEL JENSEN,2023-2024,Herreliga,POSITIVE
SAH vs KIF Kolding,9.49,Skud reddet,HB,SAH,4,6,70,1.0,1.5,1.0,1.1500000000000001,120.75000000000001,NORMAL,1.0,0.9660000000000001,1469.480087200002,1470.4460872000018,False,MORTEN HEMPEL JENSEN,2023-2024,Herreliga,POSITIVE
SAH vs Lemvig-Thyborøn Håndbold,0.34,Mål,VB,SAH,1,0,65,1.0,1.5,1.0,1.225,119.43750000000001,NORMAL,1.0,0.9555000000000001,1398.4212832000014,1399.3767832000015,False,MORTEN HEMPEL JENSEN,2023-2024,Herreliga,POSITIVE
SAH vs Lemvig-Thyborøn Håndbold,1.17,Skud reddet,PL,SAH,1,1,70,1.0,1.7,1.0,1.3000000000000003,154.70000000000005,NORMAL,1.0,1.2376000000000005,1399.3767832000015,1400.6143832000014,False,MORTEN HEMPEL JENSEN,2023-2024,Herreliga,POSITIVE
SAH vs Lemvig-Thyborøn Håndbold,18.53,Mål,VB,SAH,12,6,65,1.0,0.9,1.0,1.025,59.96249999999999,NORMAL,1.0,0.47969999999999996,1401.2851832000015,1401.7648832000016,False,MORTEN HEMPEL JENSEN,2023-2024,Herreliga,POSITIVE
SAH vs Lemvig-Thyborøn Håndbold,19.32,Mål,PL,SAH,13,6,65,1.0,0.9,1.0,0.95,55.574999999999996,NORMAL,1.0,0.4446,1401.7648832000016,1402.2094832000016,False,MORTEN HEMPEL JENSEN,2023-2024,Herreliga,POSITIVE
SAH vs Lemvig-Thyborøn Håndbold,23.29,Mål,PL,SAH,14,9,65,1.0,1.2,1.0,1.025,79.94999999999999,NORMAL,1.0,0.6396,1402.2094832000016,1402.8490832000016,False,MORTEN HEMPEL JENSEN,2023-2024,Herreliga,POSITIVE
SAH vs Lemvig-Thyborøn Håndbold,29.55,Mål,ST,SAH,17,11,65,1.6,0.9,1.0,1.1750000000000003,109.98000000000003,NORMAL,1.0,0.8798400000000003,1402.8490832000016,1403.7289232000016,False,MORTEN HEMPEL JENSEN,2023-2024,Herreliga,POSITIVE
SAH vs Lemvig-Thyborøn Håndbold,34.00,Mål,PL,SAH,19,12,65,1.0,0.9,1.0,0.95,55.574999999999996,NORMAL,1.0,0.4446,1403.7289232000016,1404.1735232000017,False,MORTEN HEMPEL JENSEN,2023-2024,Herreliga,POSITIVE
SAH vs Lemvig-Thyborøn Håndbold,38.09,Mål,PL,SAH,22,13,65,1.0,0.9,1.0,0.95,55.574999999999996,NORMAL,1.0,0.4446,1404.1735232000017,1404.6181232000017,False,MORTEN HEMPEL JENSEN,2023-2024,Herreliga,POSITIVE
SAH vs Lemvig-Thyborøn Håndbold,39.58,Mål på straffe,PL,SAH,24,15,60,1.0,0.9,1.0,0.95,51.3,NORMAL,1.0,0.4104,1404.6181232000017,1405.0285232000017,False,MORTEN HEMPEL JENSEN,2023-2024,Herreliga,POSITIVE
SAH vs Lemvig-Thyborøn Håndbold,44.41,Mål,PL,SAH,27,18,65,1.2,0.9,1.0,1.0,70.2,NORMAL,1.0,0.5616,1405.0285232000017,1405.5901232000017,False,MORTEN HEMPEL JENSEN,2023-2024,Herreliga,POSITIVE
SAH vs Lemvig-Thyborøn Håndbold,47.25,Mål på straffe,PL,SAH,29,19,60,1.5,0.9,1.0,1.075,87.075,NORMAL,1.0,0.6966,1405.5901232000017,1406.2867232000017,False,MORTEN HEMPEL JENSEN,2023-2024,Herreliga,POSITIVE
SAH vs Lemvig-Thyborøn Håndbold,49.22,Tilkendt straffe,PL,SAH,30,20,25,1.5,0.9,1.0,1.075,36.28125,NORMAL,1.0,0.29025,1406.2867232000017,1406.5769732000017,False,MORTEN HEMPEL JENSEN,2023-2024,Herreliga,POSITIVE
SAH vs Lemvig-Thyborøn Håndbold,9.41,Mål,PL,SAH,6,3,65,1.0,1.2,1.0,1.075,83.85,NORMAL,1.0,0.6708,1400.6143832000014,1401.2851832000015,False,MORTEN HEMPEL JENSEN,2023-2024,Herreliga,POSITIVE
SAH vs Mors-Thy Håndbold,2.03,Mål,PL,SAH,1,1,65,1.0,1.7,1.0,1.5000000000000002,165.75000000000003,NORMAL,1.0,1.3260000000000003,1226.2775308000007,1227.6035308000007,False,MORTEN HEMPEL JENSEN,2023-2024,Herreliga,POSITIVE
SAH vs Mors-Thy Håndbold,28.54,Skud reddet,PL,SAH,13,16,70,1.6,1.2,1.0,1.2250000000000003,164.64000000000004,NORMAL,1.0,1.3171200000000003,1227.6035308000007,1228.9206508000007,False,MORTEN HEMPEL JENSEN,2023-2024,Herreliga,POSITIVE
SAH vs Mors-Thy Håndbold,30.36,Mål,ST,SAH,14,17,65,1.0,1.2,1.0,1.2750000000000001,99.45000000000002,NORMAL,1.0,0.7956000000000002,1228.9206508000007,1229.7162508000006,False,MORTEN HEMPEL JENSEN,2023-2024,Herreliga,POSITIVE
SAH vs Mors-Thy Håndbold,32.57,Mål,PL,SAH,16,19,65,1.0,1.2,1.0,1.2750000000000001,99.45000000000002,NORMAL,1.0,0.7956000000000002,1229.7162508000006,1230.5118508000005,False,MORTEN HEMPEL JENSEN,2023-2024,Herreliga,POSITIVE
SAH vs Mors-Thy Håndbold,49.30,Regelfejl,PL,SAH,21,29,-22,1.5,0.9,1.0,1.095,-32.521499999999996,NORMAL,1.0,-0.26017199999999996,1230.5118508000005,1230.2516788000005,False,MORTEN HEMPEL JENSEN,2023-2024,Herreliga,NEGATIVE
SAH vs Mors-Thy Håndbold,56.52,Skud på stolpe,VB,SAH,24,33,-5,2.4,0.9,1.0,1.2900000000000003,-13.932000000000004,NORMAL,1.0,-0.11145600000000003,1230.2516788000005,1230.1402228000004,False,MORTEN HEMPEL JENSEN,2023-2024,Herreliga,NEUTRAL
SAH vs Mors-Thy Håndbold,57.58,Mål,PL,SAH,25,34,65,2.4,0.9,1.0,1.6000000000000003,224.64000000000004,NORMAL,1.0,1.7971200000000003,1230.1402228000004,1231.9373428000004,False,MORTEN HEMPEL JENSEN,2023-2024,Herreliga,POSITIVE
SAH vs Nordsjælland Håndbold,1.57,Skud blokeret,PL,SAH,1,2,-8,1.0,1.5,1.0,1.215,-14.580000000000002,NORMAL,1.0,-0.11664000000000002,1219.3048,1219.18816,False,MORTEN HEMPEL JENSEN,2023-2024,Herreliga,NEUTRAL
SAH vs Nordsjælland Håndbold,11.01,Mål,PL,SAH,7,2,65,1.0,1.2,1.0,1.025,79.94999999999999,NORMAL,1.0,0.6396,1220.81446,1221.45406,False,MORTEN HEMPEL JENSEN,2023-2024,Herreliga,POSITIVE
SAH vs Nordsjælland Håndbold,13.16,Mål,PL,SAH,9,3,65,1.0,0.9,1.0,1.025,59.96249999999999,NORMAL,1.0,0.47969999999999996,1221.45406,1221.9337600000001,False,MORTEN HEMPEL JENSEN,2023-2024,Herreliga,POSITIVE
SAH vs Nordsjælland Håndbold,14.16,Fejlaflevering,PL,SAH,9,4,-30,1.0,1.2,1.0,1.045,-37.62,NORMAL,1.0,-0.30096,1221.9337600000001,1221.6328,False,MORTEN HEMPEL JENSEN,2023-2024,Herreliga,NEGATIVE
SAH vs Nordsjælland Håndbold,3.17,Mål,PL,SAH,3,2,65,1.0,1.5,1.0,1.225,119.43750000000001,NORMAL,1.0,0.9555000000000001,1219.18816,1220.14366,False,MORTEN HEMPEL JENSEN,2023-2024,Herreliga,POSITIVE
SAH vs Nordsjælland Håndbold,30.00,Skud blokeret,PL,SAH,14,14,-8,1.6,1.7,1.0,1.4400000000000004,-31.33440000000001,NORMAL,1.0,-0.2506752000000001,1221.6328,1221.3821248000002,False,MORTEN HEMPEL JENSEN,2023-2024,Herreliga,NEUTRAL
SAH vs Nordsjælland Håndbold,30.45,Tabt bold,PL,SAH,14,14,-25,1.0,1.7,1.0,1.32,-56.1,NORMAL,1.0,-0.44880000000000003,1221.3821248000002,1220.9333248000003,False,MORTEN HEMPEL JENSEN,2023-2024,Herreliga,NEGATIVE
SAH vs Nordsjælland Håndbold,31.26,Mål,PL,SAH,15,15,65,1.0,1.7,1.0,1.5000000000000002,165.75000000000003,NORMAL,1.0,1.3260000000000003,1220.9333248000003,1222.2593248000003,False,MORTEN HEMPEL JENSEN,2023-2024,Herreliga,POSITIVE
SAH vs Nordsjælland Håndbold,34.34,Skud blokeret,PL,SAH,16,16,-8,1.0,1.7,1.0,1.2900000000000003,-17.544000000000004,NORMAL,1.0,-0.14035200000000003,1222.2593248000003,1222.1189728000004,False,MORTEN HEMPEL JENSEN,2023-2024,Herreliga,NEUTRAL
SAH vs Nordsjælland Håndbold,34.53,Skud blokeret,PL,SAH,16,16,-8,1.0,1.7,1.0,1.2900000000000003,-17.544000000000004,NORMAL,1.0,-0.14035200000000003,1222.1189728000004,1221.9786208000005,False,MORTEN HEMPEL JENSEN,2023-2024,Herreliga,NEUTRAL
SAH vs Nordsjælland Håndbold,36.52,Mål,PL,SAH,18,17,65,1.0,1.5,1.0,1.225,119.43750000000001,NORMAL,1.0,0.9555000000000001,1221.9786208000005,1222.9341208000005,False,MORTEN HEMPEL JENSEN,2023-2024,Herreliga,POSITIVE
SAH vs Nordsjælland Håndbold,45.36,Skud forbi,PL,SAH,19,19,-15,1.5,1.7,1.0,1.445,-55.27125,NORMAL,1.0,-0.44217,1222.9341208000005,1222.4919508000005,False,MORTEN HEMPEL JENSEN,2023-2024,Herreliga,NEGATIVE
SAH vs Nordsjælland Håndbold,5.33,Mål,PL,SAH,5,2,65,1.0,1.2,1.0,1.075,83.85,NORMAL,1.0,0.6708,1220.14366,1220.81446,False,MORTEN HEMPEL JENSEN,2023-2024,Herreliga,POSITIVE
SAH vs Nordsjælland Håndbold,51.40,Mål,PL,SAH,22,20,65,1.4,1.5,1.0,1.3500000000000003,184.27500000000003,NORMAL,1.0,1.4742000000000004,1222.4919508000005,1223.9661508000006,False,MORTEN HEMPEL JENSEN,2023-2024,Herreliga,POSITIVE
SAH vs Nordsjælland Håndbold,53.14,Tilkendt straffe,PL,SAH,22,21,25,1.4,1.5,1.0,1.4250000000000003,74.81250000000001,NORMAL,1.0,0.5985000000000001,1223.9661508000006,1224.5646508000007,False,MORTEN HEMPEL JENSEN,2023-2024,Herreliga,POSITIVE
SAH vs Nordsjælland Håndbold,59.14,Mål,PL,SAH,27,22,65,1.8,1.2,1.0,1.5250000000000001,214.11,NORMAL,1.0,1.7128800000000002,1224.5646508000007,1226.2775308000007,False,MORTEN HEMPEL JENSEN,2023-2024,Herreliga,POSITIVE
SAH vs Ribe-Esbjerg HH,10.50,Skud blokeret,PL,SAH,4,2,-8,1.0,1.5,1.0,1.1400000000000001,-13.680000000000001,NORMAL,1.0,-0.10944000000000001,1231.9373428000004,1231.8279028000004,False,MORTEN HEMPEL JENSEN,2023-2024,Herreliga,NEUTRAL
SAH vs Ribe-Esbjerg HH,21.01,Mål på straffe,PL,SAH,8,6,60,1.0,1.5,1.0,1.1500000000000001,103.50000000000001,NORMAL,1.0,0.8280000000000002,1231.8279028000004,1232.6559028000004,False,MORTEN HEMPEL JENSEN,2023-2024,Herreliga,POSITIVE
SAH vs Ribe-Esbjerg HH,22.23,Mål på straffe,PL,SAH,9,6,60,1.0,1.2,1.0,1.075,77.39999999999999,NORMAL,1.0,0.6192,1232.6559028000004,1233.2751028000005,False,MORTEN HEMPEL JENSEN,2023-2024,Herreliga,POSITIVE
SAH vs Ribe-Esbjerg HH,24.37,Mål på straffe,PL,SAH,11,7,60,1.0,1.2,1.0,1.075,77.39999999999999,NORMAL,1.0,0.6192,1233.2751028000005,1233.8943028000006,False,MORTEN HEMPEL JENSEN,2023-2024,Herreliga,POSITIVE
SAH vs Ribe-Esbjerg HH,29.55,Mål på straffe,PL,SAH,15,10,60,1.6,1.2,1.0,1.1750000000000003,135.36,NORMAL,1.0,1.08288,1233.8943028000006,1234.9771828000005,False,MORTEN HEMPEL JENSEN,2023-2024,Herreliga,POSITIVE
SAH vs Ribe-Esbjerg HH,30.34,Mål,HF,SAH,16,10,65,1.0,0.9,1.0,1.025,59.96249999999999,NORMAL,1.0,0.47969999999999996,1234.9771828000005,1235.4568828000006,False,MORTEN HEMPEL JENSEN,2023-2024,Herreliga,POSITIVE
SAH vs Ribe-Esbjerg HH,33.01,Skud reddet,VB,SAH,17,11,70,1.0,0.9,1.0,1.025,64.57499999999999,NORMAL,1.0,0.5166,1235.4568828000006,1235.9734828000005,False,MORTEN HEMPEL JENSEN,2023-2024,Herreliga,POSITIVE
SAH vs Ribe-Esbjerg HH,34.23,Skud reddet,PL,SAH,18,12,70,1.0,0.9,1.0,1.025,64.57499999999999,NORMAL,1.0,0.5166,1235.9734828000005,1236.4900828000004,False,MORTEN HEMPEL JENSEN,2023-2024,Herreliga,POSITIVE
SAH vs Ribe-Esbjerg HH,35.11,Mål,ST,SAH,19,12,65,1.0,0.9,1.0,0.95,55.574999999999996,NORMAL,1.0,0.4446,1236.4900828000004,1236.9346828000005,False,MORTEN HEMPEL JENSEN,2023-2024,Herreliga,POSITIVE
SAH vs Ribe-Esbjerg HH,37.28,Mål,VB,SAH,21,15,65,1.0,0.9,1.0,1.025,59.96249999999999,NORMAL,1.0,0.47969999999999996,1236.9346828000005,1237.4143828000006,False,MORTEN HEMPEL JENSEN,2023-2024,Herreliga,POSITIVE
SAH vs Ribe-Esbjerg HH,41.36,Skud forbi,PL,SAH,22,16,-15,1.2,0.9,1.0,1.095,-17.738999999999997,NORMAL,1.0,-0.14191199999999998,1237.4143828000006,1237.2724708000005,False,MORTEN HEMPEL JENSEN,2023-2024,Herreliga,NEGATIVE
SAH vs Ribe-Esbjerg HH,46.27,Regelfejl,PL,SAH,22,19,-22,1.5,1.2,1.0,1.22,-48.312,NORMAL,1.0,-0.386496,1237.2724708000005,1236.8859748000004,False,MORTEN HEMPEL JENSEN,2023-2024,Herreliga,NEGATIVE
SAH vs Ribe-Esbjerg HH,52.32,Mål,PL,SAH,26,22,65,1.4,1.2,1.0,1.2750000000000001,139.23000000000002,NORMAL,1.0,1.1138400000000002,1236.8859748000004,1237.9998148000004,False,MORTEN HEMPEL JENSEN,2023-2024,Herreliga,POSITIVE
SAH vs Ribe-Esbjerg HH,56.32,Mål,ST,SAH,27,25,65,2.4,1.5,1.0,1.5000000000000002,351.00000000000006,NORMAL,1.0,2.8080000000000007,1237.9998148000004,1240.8078148000004,False,MORTEN HEMPEL JENSEN,2023-2024,Herreliga,POSITIVE
SAH vs Ribe-Esbjerg HH,58.19,Skud blokeret,PL,SAH,27,25,-8,1.8,1.5,1.0,1.6400000000000001,-35.42400000000001,NORMAL,1.0,-0.28339200000000003,1240.8078148000004,1240.5244228000004,False,MORTEN HEMPEL JENSEN,2023-2024,Herreliga,NEUTRAL
SAH vs SJE,10.46,Skud reddet,VB,SAH,3,6,70,1.0,1.2,1.0,1.075,90.3,NORMAL,1.0,0.7224,1329.0519296000016,1329.7743296000017,False,MORTEN HEMPEL JENSEN,2023-2024,Herreliga,POSITIVE
SAH vs SJE,12.28,Mål,PL,SAH,4,6,65,1.0,1.5,1.0,1.2500000000000002,121.87500000000003,NORMAL,1.0,0.9750000000000002,1329.7743296000017,1330.7493296000016,False,MORTEN HEMPEL JENSEN,2023-2024,Herreliga,POSITIVE
SAH vs SJE,24.41,Skud reddet,PL,SAH,10,10,70,1.0,1.7,1.0,1.3000000000000003,154.70000000000005,NORMAL,1.0,1.2376000000000005,1330.7493296000016,1331.9869296000015,False,MORTEN HEMPEL JENSEN,2023-2024,Herreliga,POSITIVE
SAH vs SJE,26.52,Skud reddet,PL,SAH,11,11,70,1.4,1.7,1.0,1.4000000000000001,233.24,NORMAL,1.0,1.86592,1331.9869296000015,1333.8528496000015,False,MORTEN HEMPEL JENSEN,2023-2024,Herreliga,POSITIVE
SAH vs SJE,3.06,Mål,PL,SAH,1,2,65,1.0,1.5,1.0,1.6000000000000003,156.00000000000003,NORMAL,1.0,1.2480000000000002,1327.0815296000014,1328.3295296000015,False,MORTEN HEMPEL JENSEN,2023-2024,Herreliga,POSITIVE
SAH vs SJE,33.57,Mål,HF,SAH,15,14,65,1.0,1.5,1.0,1.225,119.43750000000001,NORMAL,1.0,0.9555000000000001,1333.8528496000015,1334.8083496000015,False,MORTEN HEMPEL JENSEN,2023-2024,Herreliga,POSITIVE
SAH vs SJE,5.50,Skud reddet,PL,SAH,1,4,70,1.0,1.2,1.0,1.075,90.3,NORMAL,1.0,0.7224,1328.3295296000015,1329.0519296000016,False,MORTEN HEMPEL JENSEN,2023-2024,Herreliga,POSITIVE
SAH vs SJE,53.00,Fejlaflevering,PL,SAH,22,25,-30,1.4,1.2,1.0,1.2950000000000002,-65.268,NORMAL,1.0,-0.522144,1334.8083496000015,1334.2862056000015,False,MORTEN HEMPEL JENSEN,2023-2024,Herreliga,NEGATIVE
SAH vs SJE,58.13,Skud på stolpe,VB,SAH,25,25,-5,1.8,1.7,1.0,1.7900000000000003,-27.387,NORMAL,1.0,-0.219096,1334.2862056000015,1334.0671096000015,False,MORTEN HEMPEL JENSEN,2023-2024,Herreliga,NEUTRAL
SAH vs SJE,59.53,Mål på straffe,PL,SAH,26,26,60,1.8,1.7,1.0,2.0,367.2,NORMAL,1.0,2.9375999999999998,1334.0671096000015,1337.0047096000014,False,MORTEN HEMPEL JENSEN,2023-2024,Herreliga,POSITIVE
SAH vs TMS Ringsted,0.41,Skud reddet,PL,SAH,0,0,70,1.0,1.7,1.0,1.3000000000000003,154.70000000000005,NORMAL,1.0,1.2376000000000005,1437.1848392000015,1438.4224392000015,False,MORTEN HEMPEL JENSEN,2023-2024,Herreliga,POSITIVE
SAH vs TMS Ringsted,1.56,Mål,VB,SAH,1,1,65,1.0,1.7,1.0,1.5000000000000002,165.75000000000003,NORMAL,1.0,1.3260000000000003,1438.4224392000015,1439.7484392000015,False,MORTEN HEMPEL JENSEN,2023-2024,Herreliga,POSITIVE
SAH vs TMS Ringsted,14.11,Mål på straffe,PL,SAH,9,10,60,1.0,1.5,1.0,1.6000000000000003,144.00000000000003,NORMAL,1.0,1.1520000000000004,1440.9979392000016,1442.1499392000017,False,MORTEN HEMPEL JENSEN,2023-2024,Herreliga,POSITIVE
SAH vs TMS Ringsted,16.59,Skud blokeret,VB,SAH,10,11,-8,1.0,1.5,1.0,1.215,-14.580000000000002,NORMAL,1.0,-0.11664000000000002,1442.1499392000017,1442.0332992000017,False,MORTEN HEMPEL JENSEN,2023-2024,Herreliga,NEUTRAL
SAH vs TMS Ringsted,17.16,Skud blokeret,VB,SAH,10,11,-8,1.0,1.5,1.0,1.215,-14.580000000000002,NORMAL,1.0,-0.11664000000000002,1442.0332992000017,1441.9166592000017,False,MORTEN HEMPEL JENSEN,2023-2024,Herreliga,NEUTRAL
SAH vs TMS Ringsted,17.25,Mål,PL,SAH,11,11,65,1.0,1.7,1.0,1.5000000000000002,165.75000000000003,NORMAL,1.0,1.3260000000000003,1441.9166592000017,1443.2426592000018,False,MORTEN HEMPEL JENSEN,2023-2024,Herreliga,POSITIVE
SAH vs TMS Ringsted,20.17,Fejlaflevering,PL,SAH,11,13,-30,1.0,1.5,1.0,1.1700000000000002,-52.650000000000006,NORMAL,1.0,-0.4212000000000001,1443.2426592000018,1442.8214592000018,False,MORTEN HEMPEL JENSEN,2023-2024,Herreliga,NEGATIVE
SAH vs TMS Ringsted,22.28,Mål på straffe,PL,SAH,12,15,60,1.0,1.2,1.0,1.2750000000000001,91.80000000000001,NORMAL,1.0,0.7344,1442.8214592000018,1443.5558592000018,False,MORTEN HEMPEL JENSEN,2023-2024,Herreliga,POSITIVE
SAH vs TMS Ringsted,27.48,Skud på stolpe,PL,SAH,13,16,-5,1.4,1.2,1.0,1.1650000000000003,-9.786000000000003,NORMAL,1.0,-0.07828800000000002,1443.5558592000018,1443.4775712000019,False,MORTEN HEMPEL JENSEN,2023-2024,Herreliga,NEUTRAL
SAH vs TMS Ringsted,29.08,Skud reddet,PL,SAH,13,17,70,1.6,1.2,1.0,1.2250000000000003,164.64000000000004,NORMAL,1.0,1.3171200000000003,1443.4775712000019,1444.7946912000018,False,MORTEN HEMPEL JENSEN,2023-2024,Herreliga,POSITIVE
SAH vs TMS Ringsted,31.29,Mål,HF,SAH,14,18,65,1.0,1.2,1.0,1.2750000000000001,99.45000000000002,NORMAL,1.0,0.7956000000000002,1444.7946912000018,1445.5902912000017,False,MORTEN HEMPEL JENSEN,2023-2024,Herreliga,POSITIVE
SAH vs TMS Ringsted,36.38,Mål,VB,SAH,17,18,65,1.0,1.5,1.0,1.6000000000000003,156.00000000000003,NORMAL,1.0,1.2480000000000002,1445.5902912000017,1446.8382912000018,False,MORTEN HEMPEL JENSEN,2023-2024,Herreliga,POSITIVE
SAH vs TMS Ringsted,39.46,Mål på straffe,PL,SAH,19,20,60,1.0,1.5,1.0,1.6000000000000003,144.00000000000003,NORMAL,1.0,1.1520000000000004,1446.8382912000018,1447.9902912000018,False,MORTEN HEMPEL JENSEN,2023-2024,Herreliga,POSITIVE
SAH vs TMS Ringsted,44.11,Mål,PL,SAH,21,23,65,1.2,1.5,1.0,1.3,152.1,NORMAL,1.0,1.2167999999999999,1447.9902912000018,1449.2070912000017,False,MORTEN HEMPEL JENSEN,2023-2024,Herreliga,POSITIVE
SAH vs TMS Ringsted,5.36,Tilkendt straffe,PL,SAH,3,4,25,1.0,1.5,1.0,1.225,45.9375,NORMAL,1.0,0.3675,1439.7484392000015,1440.1159392000015,False,MORTEN HEMPEL JENSEN,2023-2024,Herreliga,POSITIVE
SAH vs TMS Ringsted,53.04,Fejlaflevering,PL,SAH,23,26,-30,1.4,1.2,1.0,1.2950000000000002,-65.268,NORMAL,1.0,-0.522144,1449.2070912000017,1448.6849472000017,False,MORTEN HEMPEL JENSEN,2023-2024,Herreliga,NEGATIVE
SAH vs TMS Ringsted,54.34,Mål på straffe,PL,SAH,24,26,60,1.4,1.5,1.0,1.4500000000000004,182.70000000000005,NORMAL,1.0,1.4616000000000005,1448.6849472000017,1450.1465472000018,False,MORTEN HEMPEL JENSEN,2023-2024,Herreliga,POSITIVE
SAH vs TMS Ringsted,56.48,Skud reddet,VB,SAH,25,28,70,2.4,1.2,1.0,1.4250000000000003,287.28000000000003,NORMAL,1.0,2.2982400000000003,1450.1465472000018,1452.4447872000019,False,MORTEN HEMPEL JENSEN,2023-2024,Herreliga,POSITIVE
SAH vs TMS Ringsted,7.26,Mål på straffe,PL,SAH,5,4,60,1.0,1.5,1.0,1.225,110.25000000000001,NORMAL,1.0,0.8820000000000001,1440.1159392000015,1440.9979392000016,False,MORTEN HEMPEL JENSEN,2023-2024,Herreliga,POSITIVE
SAH vs TTH Holstebro,10.01,Tilkendt straffe,PL,SAH,4,3,25,1.0,1.5,1.0,1.225,45.9375,NORMAL,1.0,0.3675,1391.5828552000012,1391.9503552000012,False,MORTEN HEMPEL JENSEN,2023-2024,Herreliga,POSITIVE
SAH vs TTH Holstebro,16.14,Mål,PL,SAH,8,4,65,1.0,1.2,1.0,1.075,83.85,NORMAL,1.0,0.6708,1391.9503552000012,1392.6211552000013,False,MORTEN HEMPEL JENSEN,2023-2024,Herreliga,POSITIVE
SAH vs TTH Holstebro,18.08,Straffekast reddet,PL,SAH,8,4,120,1.0,1.2,1.0,1.075,154.79999999999998,NORMAL,1.0,1.2384,1392.6211552000013,1393.8595552000013,False,MORTEN HEMPEL JENSEN,2023-2024,Herreliga,POSITIVE
SAH vs TTH Holstebro,19.47,Fejlaflevering,PL,SAH,8,5,-30,1.0,1.2,1.0,1.095,-39.42,NORMAL,1.0,-0.31536000000000003,1393.8595552000013,1393.5441952000012,False,MORTEN HEMPEL JENSEN,2023-2024,Herreliga,NEGATIVE
SAH vs TTH Holstebro,24.50,Mål,HF,SAH,10,8,65,1.0,1.5,1.0,1.1500000000000001,112.12500000000001,NORMAL,1.0,0.8970000000000001,1393.5441952000012,1394.4411952000012,False,MORTEN HEMPEL JENSEN,2023-2024,Herreliga,POSITIVE
SAH vs TTH Holstebro,4.51,Skud blokeret,PL,SAH,1,1,-8,1.0,1.7,1.0,1.2900000000000003,-17.544000000000004,NORMAL,1.0,-0.14035200000000003,1389.1596072000011,1389.0192552000012,False,MORTEN HEMPEL JENSEN,2023-2024,Herreliga,NEUTRAL
SAH vs TTH Holstebro,40.14,Mål,PL,SAH,15,10,65,1.2,1.2,1.0,1.075,100.61999999999999,NORMAL,1.0,0.8049599999999999,1394.4411952000012,1395.246155200001,False,MORTEN HEMPEL JENSEN,2023-2024,Herreliga,POSITIVE
SAH vs TTH Holstebro,41.23,Mål,PL,SAH,16,10,65,1.2,0.9,1.0,1.075,75.465,NORMAL,1.0,0.60372,1395.246155200001,1395.8498752000012,False,MORTEN HEMPEL JENSEN,2023-2024,Herreliga,POSITIVE
SAH vs TTH Holstebro,5.23,Mål,ST,SAH,2,2,65,1.0,1.7,1.0,1.5000000000000002,165.75000000000003,NORMAL,1.0,1.3260000000000003,1389.0192552000012,1390.3452552000012,False,MORTEN HEMPEL JENSEN,2023-2024,Herreliga,POSITIVE
SAH vs TTH Holstebro,51.11,Skud forbi,VB,SAH,20,15,-15,1.4,1.2,1.0,1.2450000000000003,-31.374000000000006,NORMAL,1.0,-0.25099200000000005,1395.8498752000012,1395.5988832000012,False,MORTEN HEMPEL JENSEN,2023-2024,Herreliga,NEGATIVE
SAH vs TTH Holstebro,53.05,Mål,HF,SAH,22,15,65,1.4,0.9,1.0,1.1500000000000001,94.18500000000002,NORMAL,1.0,0.7534800000000001,1395.5988832000012,1396.3523632000013,False,MORTEN HEMPEL JENSEN,2023-2024,Herreliga,POSITIVE
SAH vs TTH Holstebro,54.16,Mål,VF,SAH,23,16,65,1.4,0.9,1.0,1.1500000000000001,94.18500000000002,NORMAL,1.0,0.7534800000000001,1396.3523632000013,1397.1058432000013,False,MORTEN HEMPEL JENSEN,2023-2024,Herreliga,POSITIVE
SAH vs TTH Holstebro,59.03,Skud reddet,VB,SAH,25,18,70,1.8,0.9,1.0,1.4500000000000002,164.43000000000004,NORMAL,1.0,1.3154400000000004,1397.1058432000013,1398.4212832000014,False,MORTEN HEMPEL JENSEN,2023-2024,Herreliga,POSITIVE
SAH vs TTH Holstebro,7.51,Skud reddet,PL,SAH,3,3,70,1.0,1.7,1.0,1.3000000000000003,154.70000000000005,NORMAL,1.0,1.2376000000000005,1390.3452552000012,1391.5828552000012,False,MORTEN HEMPEL JENSEN,2023-2024,Herreliga,POSITIVE
Skanderborg AGF vs SønderjyskE Herrer,1.18,Mål på straffe,PL,SAH,1,0,60,1.0,1.5,1.0,1.6000000000000003,144.00000000000003,NORMAL,1.0,1.1520000000000004,1303.4318116000006,1304.5838116000007,False,MORTEN HEMPEL JENSEN,2023-2024,Herreliga,POSITIVE
Skanderborg AGF vs SønderjyskE Herrer,11.45,Tilkendt straffe,PL,SAH,7,5,25,1.0,1.5,1.0,1.1500000000000001,43.12500000000001,NORMAL,1.0,0.3450000000000001,1305.4838116000008,1305.8288116000008,False,MORTEN HEMPEL JENSEN,2023-2024,Herreliga,POSITIVE
Skanderborg AGF vs SønderjyskE Herrer,15.07,Mål,VB,SAH,10,6,65,1.0,1.2,1.0,1.2750000000000001,99.45000000000002,NORMAL,1.0,0.7956000000000002,1305.8288116000008,1306.6244116000007,False,MORTEN HEMPEL JENSEN,2023-2024,Herreliga,POSITIVE
Skanderborg AGF vs SønderjyskE Herrer,18.13,Mål,PL,SAH,12,7,65,1.0,1.2,1.0,1.3250000000000004,103.35000000000004,NORMAL,1.0,0.8268000000000003,1306.6244116000007,1307.4512116000008,False,MORTEN HEMPEL JENSEN,2023-2024,Herreliga,POSITIVE
Skanderborg AGF vs SønderjyskE Herrer,24.56,Mål,PL,SAH,15,11,65,1.0,1.2,1.0,1.2750000000000001,99.45000000000002,NORMAL,1.0,0.7956000000000002,1307.4512116000008,1308.2468116000007,False,MORTEN HEMPEL JENSEN,2023-2024,Herreliga,POSITIVE
Skanderborg AGF vs SønderjyskE Herrer,3.57,Mål på straffe,PL,SAH,2,0,60,1.0,1.5,1.0,1.2500000000000002,112.50000000000001,NORMAL,1.0,0.9000000000000001,1304.5838116000007,1305.4838116000008,False,MORTEN HEMPEL JENSEN,2023-2024,Herreliga,POSITIVE
Skanderborg AGF vs SønderjyskE Herrer,31.24,Mål,ST,SAH,16,13,65,1.0,1.2,1.0,1.2750000000000001,99.45000000000002,NORMAL,1.0,0.7956000000000002,1308.2468116000007,1309.0424116000006,False,MORTEN HEMPEL JENSEN,2023-2024,Herreliga,POSITIVE
Skanderborg AGF vs SønderjyskE Herrer,32.41,Skud på stolpe,PL,SAH,16,13,-5,1.0,1.2,1.0,1.065,-6.39,NORMAL,1.0,-0.05112,1309.0424116000006,1308.9912916000005,False,MORTEN HEMPEL JENSEN,2023-2024,Herreliga,NEUTRAL
Skanderborg AGF vs SønderjyskE Herrer,34.37,Skud reddet,PL,SAH,17,14,70,1.0,1.2,1.0,1.075,90.3,NORMAL,1.0,0.7224,1308.9912916000005,1309.7136916000006,False,MORTEN HEMPEL JENSEN,2023-2024,Herreliga,POSITIVE
Skanderborg AGF vs SønderjyskE Herrer,34.55,Mål på straffe,PL,SAH,18,14,60,1.0,1.2,1.0,1.2750000000000001,91.80000000000001,NORMAL,1.0,0.7344,1309.7136916000006,1310.4480916000007,False,MORTEN HEMPEL JENSEN,2023-2024,Herreliga,POSITIVE
Skanderborg AGF vs SønderjyskE Herrer,37.23,Mål på straffe,PL,SAH,19,16,60,1.0,1.2,1.0,1.2750000000000001,91.80000000000001,NORMAL,1.0,0.7344,1310.4480916000007,1311.1824916000007,False,MORTEN HEMPEL JENSEN,2023-2024,Herreliga,POSITIVE
Skanderborg AGF vs SønderjyskE Herrer,45.44,Fejlaflevering,PL,SAH,20,22,-30,1.5,1.5,1.0,1.2950000000000002,-87.41250000000001,NORMAL,1.0,-0.6993,1311.1824916000007,1310.4831916000007,False,MORTEN HEMPEL JENSEN,2023-2024,Herreliga,NEGATIVE
Skanderborg AGF vs SønderjyskE Herrer,46.53,Fejlaflevering,PL,SAH,20,22,-30,1.5,1.5,1.0,1.2950000000000002,-87.41250000000001,NORMAL,1.0,-0.6993,1310.4831916000007,1309.7838916000007,False,MORTEN HEMPEL JENSEN,2023-2024,Herreliga,NEGATIVE
Skanderborg AGF vs SønderjyskE Herrer,48.31,Udvisning,PL,SAH,20,23,-45,1.5,1.2,1.0,1.22,-98.82,NORMAL,1.0,-0.7905599999999999,1309.7838916000007,1308.9933316000008,False,MORTEN HEMPEL JENSEN,2023-2024,Herreliga,NEGATIVE
Skjern Håndbold vs SAH,11.11,Skud reddet,PL,SAH,4,3,70,1.0,1.5,1.0,1.225,128.625,NORMAL,1.0,1.029,1481.6550112000016,1482.6840112000016,False,MORTEN HEMPEL JENSEN,2023-2024,Herreliga,POSITIVE
Skjern Håndbold vs SAH,12.14,Mål,PL,SAH,4,4,65,1.0,1.7,1.0,1.5000000000000002,165.75000000000003,NORMAL,1.0,1.3260000000000003,1482.6840112000016,1484.0100112000016,False,MORTEN HEMPEL JENSEN,2023-2024,Herreliga,POSITIVE
Skjern Håndbold vs SAH,12.30,Fejlaflevering,PL,SAH,4,4,-30,1.0,1.7,1.0,1.32,-67.32000000000001,NORMAL,1.0,-0.53856,1484.0100112000016,1483.4714512000016,False,MORTEN HEMPEL JENSEN,2023-2024,Herreliga,NEGATIVE
Skjern Håndbold vs SAH,17.06,Tilkendt straffe,PL,SAH,6,6,25,1.0,1.7,1.0,1.3000000000000003,55.250000000000014,NORMAL,1.0,0.4420000000000001,1483.4714512000016,1483.9134512000016,False,MORTEN HEMPEL JENSEN,2023-2024,Herreliga,POSITIVE
Skjern Håndbold vs SAH,19.56,Skud reddet,PL,SAH,6,6,70,1.0,1.7,1.0,1.3000000000000003,154.70000000000005,NORMAL,1.0,1.2376000000000005,1483.9134512000016,1485.1510512000016,False,MORTEN HEMPEL JENSEN,2023-2024,Herreliga,POSITIVE
Skjern Håndbold vs SAH,23.01,Mål,PL,SAH,8,7,65,1.0,1.5,1.0,1.6000000000000003,156.00000000000003,NORMAL,1.0,1.2480000000000002,1485.1510512000016,1486.3990512000016,False,MORTEN HEMPEL JENSEN,2023-2024,Herreliga,POSITIVE
Skjern Håndbold vs SAH,29.05,Mål,PL,SAH,10,8,65,1.6,1.5,1.0,1.4000000000000001,218.40000000000003,NORMAL,1.0,1.7472000000000003,1486.3990512000016,1488.1462512000016,False,MORTEN HEMPEL JENSEN,2023-2024,Herreliga,POSITIVE
Skjern Håndbold vs SAH,29.59,Fejlaflevering,PL,SAH,10,8,-30,1.6,1.5,1.0,1.32,-95.04,NORMAL,1.0,-0.7603200000000001,1488.1462512000016,1487.3859312000016,False,MORTEN HEMPEL JENSEN,2023-2024,Herreliga,NEGATIVE
Skjern Håndbold vs SAH,30.49,Mål,PL,SAH,10,9,65,1.0,1.5,1.0,1.6000000000000003,156.00000000000003,NORMAL,1.0,1.2480000000000002,1487.3859312000016,1488.6339312000016,False,MORTEN HEMPEL JENSEN,2023-2024,Herreliga,POSITIVE
Skjern Håndbold vs SAH,33.30,Fejlaflevering,PL,SAH,11,9,-30,1.0,1.5,1.0,1.1700000000000002,-52.650000000000006,NORMAL,1.0,-0.4212000000000001,1488.6339312000016,1488.2127312000016,False,MORTEN HEMPEL JENSEN,2023-2024,Herreliga,NEGATIVE
Skjern Håndbold vs SAH,37.12,Mål,PL,SAH,12,12,65,1.0,1.7,1.0,1.5000000000000002,165.75000000000003,NORMAL,1.0,1.3260000000000003,1488.2127312000016,1489.5387312000016,False,MORTEN HEMPEL JENSEN,2023-2024,Herreliga,POSITIVE
Skjern Håndbold vs SAH,38.16,Mål,ST,SAH,13,13,65,1.0,1.7,1.0,1.5000000000000002,165.75000000000003,NORMAL,1.0,1.3260000000000003,1489.5387312000016,1490.8647312000016,False,MORTEN HEMPEL JENSEN,2023-2024,Herreliga,POSITIVE
Skjern Håndbold vs SAH,41.30,Mål,ST,SAH,16,16,65,1.2,1.7,1.0,1.5500000000000003,205.53000000000003,NORMAL,1.0,1.6442400000000004,1490.8647312000016,1492.5089712000017,False,MORTEN HEMPEL JENSEN,2023-2024,Herreliga,POSITIVE
Skjern Håndbold vs SAH,49.41,Mål,PL,SAH,21,23,65,1.5,1.5,1.0,1.2750000000000001,186.46875000000003,NORMAL,1.0,1.4917500000000004,1492.5089712000017,1494.0007212000016,False,MORTEN HEMPEL JENSEN,2023-2024,Herreliga,POSITIVE
Skjern Håndbold vs SAH,5.05,Mål,VB,SAH,2,2,65,1.0,1.7,1.0,1.5000000000000002,165.75000000000003,NORMAL,1.0,1.3260000000000003,1479.9615112000015,1481.2875112000015,False,MORTEN HEMPEL JENSEN,2023-2024,Herreliga,POSITIVE
Skjern Håndbold vs SAH,51.35,Skud reddet,VB,SAH,21,24,70,1.4,1.2,1.0,1.2750000000000001,149.94,NORMAL,1.0,1.19952,1494.0007212000016,1495.2002412000015,False,MORTEN HEMPEL JENSEN,2023-2024,Herreliga,POSITIVE
Skjern Håndbold vs SAH,54.05,Mål på straffe,PL,SAH,22,25,60,1.4,1.2,1.0,1.2750000000000001,128.52,NORMAL,1.0,1.0281600000000002,1495.2002412000015,1496.2284012000016,False,MORTEN HEMPEL JENSEN,2023-2024,Herreliga,POSITIVE
Skjern Håndbold vs SAH,56.16,Mål,VB,SAH,24,26,65,2.4,1.5,1.0,1.5000000000000002,351.00000000000006,NORMAL,1.0,2.8080000000000007,1496.2284012000016,1499.0364012000016,False,MORTEN HEMPEL JENSEN,2023-2024,Herreliga,POSITIVE
Skjern Håndbold vs SAH,57.10,Regelfejl,PL,SAH,25,26,-22,2.4,1.5,1.0,1.595,-126.32399999999998,NORMAL,1.0,-1.010592,1499.0364012000016,1498.0258092000015,False,MORTEN HEMPEL JENSEN,2023-2024,Herreliga,NEGATIVE
Skjern Håndbold vs SAH,58.17,Regelfejl,PL,SAH,26,26,-22,1.8,1.7,1.0,1.82,-122.52240000000002,NORMAL,1.0,-0.9801792000000001,1498.0258092000015,1497.0456300000014,False,MORTEN HEMPEL JENSEN,2023-2024,Herreliga,NEGATIVE
Skjern Håndbold vs SAH,8.17,Tilkendt straffe,PL,SAH,3,2,25,1.0,1.5,1.0,1.225,45.9375,NORMAL,1.0,0.3675,1481.2875112000015,1481.6550112000016,False,MORTEN HEMPEL JENSEN,2023-2024,Herreliga,POSITIVE
SønderjyskE Herrer vs SAH,0.44,Skud blokeret,PL,SAH,0,0,-8,1.0,1.7,1.0,1.2900000000000003,-17.544000000000004,NORMAL,1.0,-0.14035200000000003,1296.6399004000007,1296.4995484000008,False,MORTEN HEMPEL JENSEN,2023-2024,Herreliga,NEUTRAL
SønderjyskE Herrer vs SAH,12.01,Udvisning,PL,SAH,5,5,-45,1.0,1.7,1.0,1.32,-100.98,NORMAL,1.0,-0.80784,1297.5771484000009,1296.769308400001,False,MORTEN HEMPEL JENSEN,2023-2024,Herreliga,NEGATIVE
SønderjyskE Herrer vs SAH,2.35,Mål på straffe,PL,SAH,0,2,60,1.0,1.5,1.0,1.1500000000000001,103.50000000000001,NORMAL,1.0,0.8280000000000002,1296.4995484000008,1297.3275484000008,False,MORTEN HEMPEL JENSEN,2023-2024,Herreliga,POSITIVE
SønderjyskE Herrer vs SAH,20.24,Mål,ST,SAH,11,9,65,1.0,1.5,1.0,1.2500000000000002,121.87500000000003,NORMAL,1.0,0.9750000000000002,1296.769308400001,1297.7443084000008,False,MORTEN HEMPEL JENSEN,2023-2024,Herreliga,POSITIVE
SønderjyskE Herrer vs SAH,21.33,Udvisning,PL,SAH,12,10,-45,1.0,1.5,1.0,1.1700000000000002,-78.97500000000001,NORMAL,1.0,-0.6318,1297.7443084000008,1297.1125084000007,False,MORTEN HEMPEL JENSEN,2023-2024,Herreliga,NEGATIVE
SønderjyskE Herrer vs SAH,29.34,Mål,HF,SAH,17,15,65,1.6,1.5,1.0,1.4000000000000001,218.40000000000003,NORMAL,1.0,1.7472000000000003,1297.1125084000007,1298.8597084000007,False,MORTEN HEMPEL JENSEN,2023-2024,Herreliga,POSITIVE
SønderjyskE Herrer vs SAH,31.02,Skud reddet,PL,SAH,18,15,70,1.0,1.2,1.0,1.075,90.3,NORMAL,1.0,0.7224,1298.8597084000007,1299.5821084000008,False,MORTEN HEMPEL JENSEN,2023-2024,Herreliga,POSITIVE
SønderjyskE Herrer vs SAH,4.34,Mål,PL,SAH,1,4,65,1.0,1.2,1.0,1.075,83.85,NORMAL,1.0,0.6708,1297.3275484000008,1297.9983484000009,False,MORTEN HEMPEL JENSEN,2023-2024,Herreliga,POSITIVE
SønderjyskE Herrer vs SAH,44.13,Regelfejl,PL,SAH,26,21,-22,1.2,1.2,1.0,1.095,-34.68959999999999,NORMAL,1.0,-0.27751679999999995,1299.5821084000008,1299.3045916000008,False,MORTEN HEMPEL JENSEN,2023-2024,Herreliga,NEGATIVE
SønderjyskE Herrer vs SAH,46.13,Mål,PL,SAH,28,23,65,1.5,1.2,1.0,1.4500000000000004,169.65000000000003,NORMAL,1.0,1.3572000000000004,1299.3045916000008,1300.6617916000007,False,MORTEN HEMPEL JENSEN,2023-2024,Herreliga,POSITIVE
SønderjyskE Herrer vs SAH,47.18,Tilkendt straffe,PL,SAH,29,23,25,1.5,0.9,1.0,1.1500000000000001,38.81250000000001,NORMAL,1.0,0.31050000000000005,1300.6617916000007,1300.9722916000007,False,MORTEN HEMPEL JENSEN,2023-2024,Herreliga,POSITIVE
SønderjyskE Herrer vs SAH,50.31,Mål på straffe,PL,SAH,32,27,60,1.4,1.2,1.0,1.5250000000000004,153.72000000000003,NORMAL,1.0,1.2297600000000002,1300.9722916000007,1302.2020516000007,False,MORTEN HEMPEL JENSEN,2023-2024,Herreliga,POSITIVE
SønderjyskE Herrer vs SAH,51.24,Mål på straffe,PL,SAH,33,28,60,1.4,1.2,1.0,1.5250000000000004,153.72000000000003,NORMAL,1.0,1.2297600000000002,1302.2020516000007,1303.4318116000006,False,MORTEN HEMPEL JENSEN,2023-2024,Herreliga,POSITIVE
SønderjyskE Herrer vs SAH,6.57,Fejlaflevering,PL,SAH,2,4,-30,1.0,1.5,1.0,1.1700000000000002,-52.650000000000006,NORMAL,1.0,-0.4212000000000001,1297.9983484000009,1297.5771484000009,False,MORTEN HEMPEL JENSEN,2023-2024,Herreliga,NEGATIVE
TMS Ringsted vs SAH,11.12,Udvisning,PL,SAH,3,5,-45,1.0,1.5,1.0,1.1700000000000002,-78.97500000000001,NORMAL,1.0,-0.6318,1408.7564732000017,1408.1246732000016,False,MORTEN HEMPEL JENSEN,2023-2024,Herreliga,NEGATIVE
TMS Ringsted vs SAH,17.28,Mål,VB,SAH,6,8,65,1.0,1.5,1.0,1.1500000000000001,112.12500000000001,NORMAL,1.0,0.8970000000000001,1408.1246732000016,1409.0216732000015,False,MORTEN HEMPEL JENSEN,2023-2024,Herreliga,POSITIVE
TMS Ringsted vs SAH,20.25,Mål,PL,SAH,8,10,65,1.0,1.5,1.0,1.1500000000000001,112.12500000000001,NORMAL,1.0,0.8970000000000001,1409.0216732000015,1409.9186732000014,False,MORTEN HEMPEL JENSEN,2023-2024,Herreliga,POSITIVE
TMS Ringsted vs SAH,26.08,Mål,PL,SAH,11,13,65,1.4,1.5,1.0,1.2500000000000002,170.62500000000003,NORMAL,1.0,1.3650000000000002,1409.9186732000014,1411.2836732000014,False,MORTEN HEMPEL JENSEN,2023-2024,Herreliga,POSITIVE
TMS Ringsted vs SAH,28.29,Skud reddet,PL,SAH,13,13,70,1.6,1.7,1.0,1.4500000000000004,276.0800000000001,NORMAL,1.0,2.208640000000001,1411.2836732000014,1413.4923132000015,False,MORTEN HEMPEL JENSEN,2023-2024,Herreliga,POSITIVE
TMS Ringsted vs SAH,29.58,Mål,HF,SAH,14,14,65,1.6,1.7,1.0,1.6500000000000004,291.72,NORMAL,1.0,2.3337600000000003,1413.4923132000015,1415.8260732000015,False,MORTEN HEMPEL JENSEN,2023-2024,Herreliga,POSITIVE
TMS Ringsted vs SAH,45.10,Mål,PL,SAH,20,19,65,1.5,1.5,1.0,1.7250000000000003,252.28125000000006,NORMAL,1.0,2.0182500000000005,1415.8260732000015,1417.8443232000016,False,MORTEN HEMPEL JENSEN,2023-2024,Herreliga,POSITIVE
TMS Ringsted vs SAH,46.20,Skud reddet,PL,SAH,20,19,70,1.5,1.5,1.0,1.3500000000000003,212.62500000000006,NORMAL,1.0,1.7010000000000005,1417.8443232000016,1419.5453232000016,False,MORTEN HEMPEL JENSEN,2023-2024,Herreliga,POSITIVE
TMS Ringsted vs SAH,50.00,Mål på straffe,PL,SAH,21,20,60,1.4,1.5,1.0,1.8000000000000003,226.80000000000004,NORMAL,1.0,1.8144000000000005,1419.5453232000016,1421.3597232000016,False,MORTEN HEMPEL JENSEN,2023-2024,Herreliga,POSITIVE
TMS Ringsted vs SAH,51.35,Mål,VB,SAH,22,21,65,1.4,1.5,1.0,1.8000000000000003,245.70000000000005,NORMAL,1.0,1.9656000000000005,1421.3597232000016,1423.3253232000015,False,MORTEN HEMPEL JENSEN,2023-2024,Herreliga,POSITIVE
TMS Ringsted vs SAH,53.13,Mål,ST,SAH,22,22,65,1.4,1.7,1.0,1.7000000000000002,262.99,NORMAL,1.0,2.10392,1423.3253232000015,1425.4292432000016,False,MORTEN HEMPEL JENSEN,2023-2024,Herreliga,POSITIVE
TMS Ringsted vs SAH,58.07,Skud reddet,PL,SAH,24,24,70,1.8,1.7,1.0,1.8000000000000003,385.56000000000006,NORMAL,1.0,3.0844800000000006,1425.4292432000016,1428.5137232000016,False,MORTEN HEMPEL JENSEN,2023-2024,Herreliga,POSITIVE
TMS Ringsted vs SAH,59.55,Skud reddet,PL,SAH,25,24,70,1.8,1.5,1.0,1.7250000000000003,326.02500000000003,NORMAL,1.0,2.6082000000000005,1428.5137232000016,1431.1219232000014,False,MORTEN HEMPEL JENSEN,2023-2024,Herreliga,POSITIVE
TMS Ringsted vs SAH,7.55,Mål på straffe,PL,SAH,3,3,60,1.0,1.7,1.0,1.5000000000000002,153.00000000000003,NORMAL,1.0,1.2240000000000002,1406.5769732000017,1407.8009732000016,False,MORTEN HEMPEL JENSEN,2023-2024,Herreliga,POSITIVE
TMS Ringsted vs SAH,9.55,Mål,PL,SAH,3,4,65,1.0,1.5,1.0,1.225,119.43750000000001,NORMAL,1.0,0.9555000000000001,1407.8009732000016,1408.7564732000017,False,MORTEN HEMPEL JENSEN,2023-2024,Herreliga,POSITIVE
TTH Holstebro vs SAH,1.53,Skud reddet,PL,SAH,0,0,70,1.0,1.7,1.0,1.3000000000000003,154.70000000000005,NORMAL,1.0,1.2376000000000005,1337.0047096000014,1338.2423096000014,False,MORTEN HEMPEL JENSEN,2023-2024,Herreliga,POSITIVE
TTH Holstebro vs SAH,14.00,Mål,PL,SAH,5,7,65,1.0,1.5,1.0,1.1500000000000001,112.12500000000001,NORMAL,1.0,0.8970000000000001,1340.3079096000013,1341.2049096000012,False,MORTEN HEMPEL JENSEN,2023-2024,Herreliga,POSITIVE
TTH Holstebro vs SAH,16.18,Mål,PL,SAH,8,8,65,1.0,1.7,1.0,1.5000000000000002,165.75000000000003,NORMAL,1.0,1.3260000000000003,1341.2049096000012,1342.5309096000012,False,MORTEN HEMPEL JENSEN,2023-2024,Herreliga,POSITIVE
TTH Holstebro vs SAH,19.08,Skud reddet,PL,SAH,9,9,70,1.0,1.7,1.0,1.3000000000000003,154.70000000000005,NORMAL,1.0,1.2376000000000005,1342.5309096000012,1343.7685096000012,False,MORTEN HEMPEL JENSEN,2023-2024,Herreliga,POSITIVE
TTH Holstebro vs SAH,20.08,Skud på stolpe,VB,SAH,10,9,-5,1.0,1.5,1.0,1.215,-9.1125,NORMAL,1.0,-0.0729,1343.7685096000012,1343.6956096000013,False,MORTEN HEMPEL JENSEN,2023-2024,Herreliga,NEUTRAL
TTH Holstebro vs SAH,21.14,Advarsel,PL,SAH,11,9,-15,1.0,1.5,1.0,1.1700000000000002,-26.325000000000003,NORMAL,1.0,-0.21060000000000004,1343.6956096000013,1343.4850096000011,False,MORTEN HEMPEL JENSEN,2023-2024,Herreliga,NEGATIVE
TTH Holstebro vs SAH,27.27,Mål,PL,SAH,17,14,65,1.4,1.2,1.0,1.3750000000000002,150.15000000000003,NORMAL,1.0,1.2012000000000003,1343.4850096000011,1344.6862096000011,False,MORTEN HEMPEL JENSEN,2023-2024,Herreliga,POSITIVE
TTH Holstebro vs SAH,32.50,Skud forbi,PL,SAH,21,15,-15,1.0,0.9,1.0,1.045,-14.107499999999998,NORMAL,1.0,-0.11285999999999999,1344.6862096000011,1344.5733496000012,False,MORTEN HEMPEL JENSEN,2023-2024,Herreliga,NEGATIVE
TTH Holstebro vs SAH,35.21,Mål,VB,SAH,23,16,65,1.0,0.9,1.0,1.2500000000000002,73.12500000000001,NORMAL,1.0,0.5850000000000001,1344.5733496000012,1345.1583496000012,False,MORTEN HEMPEL JENSEN,2023-2024,Herreliga,POSITIVE
TTH Holstebro vs SAH,37.34,Mål,PL,SAH,23,17,65,1.0,0.9,1.0,1.3250000000000004,77.51250000000002,NORMAL,1.0,0.6201000000000001,1345.1583496000012,1345.7784496000013,False,MORTEN HEMPEL JENSEN,2023-2024,Herreliga,POSITIVE
TTH Holstebro vs SAH,4.40,Skud reddet,PL,SAH,1,1,70,1.0,1.7,1.0,1.3000000000000003,154.70000000000005,NORMAL,1.0,1.2376000000000005,1338.2423096000014,1339.4799096000013,False,MORTEN HEMPEL JENSEN,2023-2024,Herreliga,POSITIVE
TTH Holstebro vs SAH,41.53,Skud reddet,VB,SAH,24,18,70,1.2,0.9,1.0,1.075,81.27000000000001,NORMAL,1.0,0.6501600000000001,1345.7784496000013,1346.4286096000012,False,MORTEN HEMPEL JENSEN,2023-2024,Herreliga,POSITIVE
TTH Holstebro vs SAH,48.00,Mål på straffe,PL,SAH,27,22,60,1.5,1.2,1.0,1.4500000000000004,156.60000000000005,NORMAL,1.0,1.2528000000000004,1346.4286096000012,1347.6814096000012,False,MORTEN HEMPEL JENSEN,2023-2024,Herreliga,POSITIVE
TTH Holstebro vs SAH,50.23,Fejlaflevering,PL,SAH,28,22,-30,1.4,0.9,1.0,1.2450000000000003,-47.06100000000002,NORMAL,1.0,-0.37648800000000016,1347.6814096000012,1347.304921600001,False,MORTEN HEMPEL JENSEN,2023-2024,Herreliga,NEGATIVE
TTH Holstebro vs SAH,51.42,Skud reddet,VB,SAH,28,22,70,1.4,0.9,1.0,1.2250000000000003,108.04500000000003,NORMAL,1.0,0.8643600000000002,1347.304921600001,1348.169281600001,False,MORTEN HEMPEL JENSEN,2023-2024,Herreliga,POSITIVE
TTH Holstebro vs SAH,53.27,Skud reddet,VB,SAH,31,23,70,1.4,0.9,1.0,1.1500000000000001,101.43000000000002,NORMAL,1.0,0.8114400000000002,1348.169281600001,1348.980721600001,False,MORTEN HEMPEL JENSEN,2023-2024,Herreliga,POSITIVE
TTH Holstebro vs SAH,57.44,Skud reddet,PL,SAH,33,23,70,2.4,0.9,1.0,1.3000000000000003,196.56000000000006,NORMAL,1.0,1.5724800000000005,1348.980721600001,1350.553201600001,False,MORTEN HEMPEL JENSEN,2023-2024,Herreliga,POSITIVE
TTH Holstebro vs SAH,58.01,Mål,PL,SAH,33,24,65,1.8,0.9,1.0,1.7500000000000002,184.275,NORMAL,1.0,1.4742000000000002,1350.553201600001,1352.0274016000012,False,MORTEN HEMPEL JENSEN,2023-2024,Herreliga,POSITIVE
TTH Holstebro vs SAH,59.25,Skud blokeret,PL,SAH,34,24,-8,1.8,0.9,1.0,1.4400000000000002,-18.6624,NORMAL,1.0,-0.14929920000000002,1352.0274016000012,1351.8781024000011,False,MORTEN HEMPEL JENSEN,2023-2024,Herreliga,NEUTRAL
TTH Holstebro vs SAH,9.54,Mål på straffe,PL,SAH,2,4,60,1.0,1.5,1.0,1.1500000000000001,103.50000000000001,NORMAL,1.0,0.8280000000000002,1339.4799096000013,1340.3079096000013,False,MORTEN HEMPEL JENSEN,2023-2024,Herreliga,POSITIVE
TTH Holstebro vs SAH – Skanderborg AGF,1.36,Skud reddet,HB,SAH,0,0,70,1.0,1.7,1.0,1.3000000000000003,154.70000000000005,NORMAL,1.0,1.2376000000000005,1200.0,1201.2376,False,MORTEN HEMPEL JENSEN,2023-2024,Herreliga,POSITIVE
TTH Holstebro vs SAH – Skanderborg AGF,12.01,Skud reddet,PL,SAH,4,5,70,1.0,1.5,1.0,1.225,128.625,NORMAL,1.0,1.029,1201.1647,1202.1937,False,MORTEN HEMPEL JENSEN,2023-2024,Herreliga,POSITIVE
TTH Holstebro vs SAH – Skanderborg AGF,12.49,Mål,PL,SAH,5,6,65,1.0,1.5,1.0,1.225,119.43750000000001,NORMAL,1.0,0.9555000000000001,1202.1937,1203.1492,False,MORTEN HEMPEL JENSEN,2023-2024,Herreliga,POSITIVE
TTH Holstebro vs SAH – Skanderborg AGF,14.17,Mål,ST,SAH,6,7,65,1.0,1.5,1.0,1.225,119.43750000000001,NORMAL,1.0,0.9555000000000001,1203.1492,1204.1047,False,MORTEN HEMPEL JENSEN,2023-2024,Herreliga,POSITIVE
TTH Holstebro vs SAH – Skanderborg AGF,19.04,Udvisning,PL,SAH,8,8,-45,1.0,1.7,1.0,1.32,-100.98,NORMAL,1.0,-0.80784,1204.1047,1203.2968600000002,False,MORTEN HEMPEL JENSEN,2023-2024,Herreliga,NEGATIVE
TTH Holstebro vs SAH – Skanderborg AGF,23.33,Mål på straffe,PL,SAH,9,11,60,1.0,1.5,1.0,1.1500000000000001,103.50000000000001,NORMAL,1.0,0.8280000000000002,1203.2968600000002,1204.1248600000001,False,MORTEN HEMPEL JENSEN,2023-2024,Herreliga,POSITIVE
TTH Holstebro vs SAH – Skanderborg AGF,25.21,Straffekast reddet,PL,SAH,10,11,120,1.4,1.5,1.0,1.3250000000000002,333.90000000000003,NORMAL,1.0,2.6712000000000002,1204.1248600000001,1206.7960600000001,False,MORTEN HEMPEL JENSEN,2023-2024,Herreliga,POSITIVE
TTH Holstebro vs SAH – Skanderborg AGF,25.25,Mål,ST,SAH,10,12,65,1.4,1.5,1.0,1.2500000000000002,170.62500000000003,NORMAL,1.0,1.3650000000000002,1206.7960600000001,1208.1610600000001,False,MORTEN HEMPEL JENSEN,2023-2024,Herreliga,POSITIVE
TTH Holstebro vs SAH – Skanderborg AGF,27.27,Mål,PL,SAH,12,13,65,1.4,1.5,1.0,1.3250000000000002,180.8625,NORMAL,1.0,1.4469,1208.1610600000001,1209.60796,False,MORTEN HEMPEL JENSEN,2023-2024,Herreliga,POSITIVE
TTH Holstebro vs SAH – Skanderborg AGF,28.55,Mål,ST,SAH,13,14,65,1.6,1.5,1.0,1.3750000000000002,214.50000000000003,NORMAL,1.0,1.7160000000000002,1209.60796,1211.32396,False,MORTEN HEMPEL JENSEN,2023-2024,Herreliga,POSITIVE
TTH Holstebro vs SAH – Skanderborg AGF,30.00,Skud reddet,HB,SAH,13,14,70,1.6,1.5,1.0,1.3750000000000002,231.00000000000003,NORMAL,1.0,1.8480000000000003,1211.32396,1213.17196,False,MORTEN HEMPEL JENSEN,2023-2024,Herreliga,POSITIVE
TTH Holstebro vs SAH – Skanderborg AGF,32.25,Regelfejl,PL,SAH,13,15,-22,1.0,1.5,1.0,1.1700000000000002,-38.61000000000001,NORMAL,1.0,-0.30888000000000004,1213.17196,1212.8630799999999,False,MORTEN HEMPEL JENSEN,2023-2024,Herreliga,NEGATIVE
TTH Holstebro vs SAH – Skanderborg AGF,35.43,Tilkendt straffe,PL,SAH,15,17,25,1.0,1.5,1.0,1.1500000000000001,43.12500000000001,NORMAL,1.0,0.3450000000000001,1212.8630799999999,1213.2080799999999,False,MORTEN HEMPEL JENSEN,2023-2024,Herreliga,POSITIVE
TTH Holstebro vs SAH – Skanderborg AGF,39.20,Mål,PL,SAH,17,20,65,1.0,1.2,1.0,1.075,83.85,NORMAL,1.0,0.6708,1213.2080799999999,1213.87888,False,MORTEN HEMPEL JENSEN,2023-2024,Herreliga,POSITIVE
TTH Holstebro vs SAH – Skanderborg AGF,41.34,Mål,PL,SAH,19,21,65,1.2,1.5,1.0,1.2000000000000002,140.40000000000003,NORMAL,1.0,1.1232000000000002,1213.87888,1215.00208,False,MORTEN HEMPEL JENSEN,2023-2024,Herreliga,POSITIVE
TTH Holstebro vs SAH – Skanderborg AGF,45.15,Skud reddet,PL,SAH,20,23,70,1.5,1.2,1.0,1.2000000000000002,151.20000000000002,NORMAL,1.0,1.2096000000000002,1215.00208,1216.21168,False,MORTEN HEMPEL JENSEN,2023-2024,Herreliga,POSITIVE
TTH Holstebro vs SAH – Skanderborg AGF,47.49,Mål,PL,SAH,22,25,65,1.5,1.2,1.0,1.2000000000000002,140.40000000000003,NORMAL,1.0,1.1232000000000002,1216.21168,1217.3348799999999,False,MORTEN HEMPEL JENSEN,2023-2024,Herreliga,POSITIVE
TTH Holstebro vs SAH – Skanderborg AGF,5.21,Skud på stolpe,PL,SAH,1,2,-5,1.0,1.5,1.0,1.215,-9.1125,NORMAL,1.0,-0.0729,1201.2376,1201.1647,False,MORTEN HEMPEL JENSEN,2023-2024,Herreliga,NEUTRAL
TTH Holstebro vs SAH – Skanderborg AGF,57.01,Mål på straffe,PL,SAH,25,29,60,2.4,1.2,1.0,1.4250000000000003,246.24,NORMAL,1.0,1.9699200000000001,1217.3348799999999,1219.3048,False,MORTEN HEMPEL JENSEN,2023-2024,Herreliga,POSITIVE
