season,player,start_rating,final_rating,rating_change,games,primary_position,position_name,is_goalkeeper,elite_status,momentum_factor,total_actions,rating_per_game,performance_level
2024-2025,Nicolaj JØRGENSEN,1350.0,1567.0,217.0,29,PL,Playmaker,False,NORMAL,1.003,268,7.482758620689655,NORMAL
2024-2025,Noah GAUDIN,1350.0,1560.1,210.1,34,PL,Playmaker,False,NORMAL,1.004,312,6.179411764705883,NORMAL
2024-2025,Kristoffer VESTERGAARD,1317.9,1556.5,238.6,58,PL,Playmaker,False,NORMAL,1.011,325,4.113793103448276,NORMAL
2024-2025,Helene KINDBERG,1350.0,1532.5,182.5,35,HF,Højre fløj,False,NORMAL,1.006,186,5.214285714285714,NORMAL
2024-2025,Mai KRAGBALLE,1350.0,1521.8,171.8,32,PL,Playmaker,False,NORMAL,1.007,266,5.36875,NORMAL
2024-2025,Melissa PETRÉN,1323.2,1515.7,192.5,32,PL,Playmaker,False,NORMAL,1.003,307,6.015625,NORMAL
2024-2025,Mads Svane KNUDSEN,1350.0,1505.0,155.0,27,PL,Playmaker,False,NORMAL,1.008,198,5.7407407407407405,NORMAL
2024-2025,William AAR,1350.0,1483.1,133.1,35,PL,Playmaker,False,NORMAL,1.001,223,3.8028571428571425,NORMAL
2024-2025,Michala MØLLER,1350.0,1478.7,128.7,34,PL,Playmaker,False,NORMAL,1.008,196,3.7852941176470587,NORMAL
2024-2025,Line FRANDSEN,1343.9,1476.5,132.6,29,PL,Playmaker,False,NORMAL,1.004,176,4.572413793103448,NORMAL
2024-2025,Alfred JÖNSSON,1350.0,1474.1,124.1,29,PL,Playmaker,False,NORMAL,1.003,201,4.279310344827586,NORMAL
2024-2025,Line GYLDENLØVE,1350.0,1473.1,123.1,30,PL,Playmaker,False,NORMAL,1.007,167,4.1033333333333335,NORMAL
2024-2025,Line Berggren LARSEN,1350.0,1472.9,122.9,25,PL,Playmaker,False,NORMAL,1.005,134,4.916,NORMAL
2024-2025,Thomas DAMGAARD,1350.0,1471.3,121.3,35,PL,Playmaker,False,NORMAL,1.006,163,3.4657142857142857,NORMAL
2024-2025,Benjamin HALLGREN,1315.1,1467.8,152.7,28,PL,Playmaker,False,NORMAL,1.007,184,5.453571428571428,NORMAL
2024-2025,Morten OLSEN,1350.0,1466.7,116.7,24,PL,Playmaker,False,NORMAL,1.006,166,4.8625,NORMAL
2024-2025,Ingvild BAKKERUD,1350.0,1465.8,115.8,27,PL,Playmaker,False,NORMAL,1.001,227,4.288888888888889,NORMAL
2024-2025,Verona REXHEPI,1339.5,1465.5,126.0,30,PL,Playmaker,False,NORMAL,1.002,207,4.2,NORMAL
2024-2025,Kristina KRISTIANSEN,1350.0,1465.2,115.2,31,PL,Playmaker,False,NORMAL,1.01,123,3.7161290322580647,NORMAL
2024-2025,Mona OBAIDLI,1344.3,1465.1,120.8,32,PL,Playmaker,False,NORMAL,1.005,169,3.775,NORMAL
2024-2025,Emma NAVNE,1345.2,1462.7,117.5,31,PL,Playmaker,False,NORMAL,1.005,150,3.7903225806451615,NORMAL
2024-2025,Tabea SCHMID,1300.5,1461.2,160.7,35,ST,Streg,False,NORMAL,1.005,170,4.591428571428571,NORMAL
2024-2025,Christoffer DREYER,1350.0,1458.7,108.7,26,PL,Playmaker,False,NORMAL,1.01,138,4.180769230769231,NORMAL
2024-2025,Oliver NORLYK,1350.0,1454.9,104.9,26,HB,Højre back,False,NORMAL,1.007,170,4.0346153846153845,NORMAL
2024-2025,Christina PEDERSEN,1350.0,1454.1,104.1,29,PL,Playmaker,False,NORMAL,1.004,172,3.589655172413793,NORMAL
2024-2025,Carl-Emil HAUNSTRUP,1350.0,1453.9,103.9,28,HF,Højre fløj,False,NORMAL,1.006,89,3.710714285714286,NORMAL
2024-2025,Fredrik OLSSON,1341.3,1453.6,112.3,32,PL,Playmaker,False,NORMAL,1.004,145,3.509375,NORMAL
2024-2025,Sara HALD,1350.0,1453.3,103.3,31,ST,Streg,False,NORMAL,1.007,119,3.332258064516129,NORMAL
2024-2025,Morten Hempel JENSEN,1350.0,1449.5,99.5,32,PL,Playmaker,False,NORMAL,1.007,142,3.109375,NORMAL
2024-2025,Emma LINDQVIST,1350.0,1449.4,99.4,35,PL,Playmaker,False,NORMAL,1.005,129,2.8400000000000003,NORMAL
2024-2025,Kristian STOKLUND,1350.0,1447.2,97.2,23,PL,Playmaker,False,NORMAL,1.007,110,4.22608695652174,NORMAL
2024-2025,Lærke NOLSØE,1350.0,1447.1,97.1,34,VF,Venstre fløj,False,NORMAL,1.008,101,2.855882352941176,NORMAL
2024-2025,Sofie BARDRUM,1350.0,1446.3,96.3,30,ST,Streg,False,NORMAL,1.006,108,3.21,NORMAL
2024-2025,Martin BISGAARD,1350.0,1446.1,96.1,30,VF,Venstre fløj,False,NORMAL,1.006,87,3.203333333333333,NORMAL
2024-2025,Matias CAMPBELL,1350.0,1444.7,94.7,23,PL,Playmaker,False,NORMAL,1.006,103,4.1173913043478265,NORMAL
2024-2025,Stine JØRGENSEN,1350.0,1444.7,94.7,23,VB,Venstre back,False,NORMAL,1.004,128,4.1173913043478265,NORMAL
2024-2025,Laura Holm ANDERSEN,1350.0,1443.3,93.3,30,VF,Venstre fløj,False,NORMAL,1.01,98,3.11,NORMAL
2024-2025,Silje BRØNS,1309.4,1442.6,133.2,30,PL,Playmaker,False,NORMAL,1.007,157,4.4399999999999995,NORMAL
2024-2025,Frederik TILSTED,1350.0,1441.9,91.9,32,PL,Playmaker,False,NORMAL,1.004,137,2.871875,NORMAL
2024-2025,Lea HANSEN,1350.0,1440.8,90.8,27,HF,Højre fløj,False,NORMAL,1.006,104,3.3629629629629627,NORMAL
2024-2025,Mathias JØRGENSEN,1350.0,1440.1,90.1,27,HF,Højre fløj,False,NORMAL,1.009,99,3.337037037037037,NORMAL
2024-2025,Jakob RASMUSSEN,1350.0,1439.3,89.3,34,PL,Playmaker,False,NORMAL,1.004,156,2.626470588235294,NORMAL
2024-2025,Clara BANG,1316.3,1439.3,123.0,28,PL,Playmaker,False,NORMAL,1.001,209,4.392857142857143,NORMAL
2024-2025,Maria HOLM,1325.4,1439.0,113.6,30,PL,Playmaker,False,NORMAL,1.006,188,3.7866666666666666,NORMAL
2024-2025,Sebastian BARTHOLD,1350.0,1437.9,87.9,27,VF,Venstre fløj,False,NORMAL,1.01,82,3.255555555555556,NORMAL
2024-2025,Jane MEJLVANG,1350.0,1437.3,87.3,21,PL,Playmaker,False,NORMAL,1.005,123,4.157142857142857,NORMAL
2024-2025,Peter BALLING,1350.0,1437.0,87.0,31,HB,Højre back,True,NORMAL,1.007,141,2.806451612903226,NORMAL
2024-2025,Nicolai PEDERSEN,1350.0,1435.5,85.5,32,PL,Playmaker,False,NORMAL,1.004,112,2.671875,NORMAL
2024-2025,Morten BJØRNSHAUGE,1350.0,1435.4,85.4,23,ST,Streg,False,NORMAL,1.004,87,3.71304347826087,NORMAL
2024-2025,Pernille BRANDENBORG,1350.0,1434.2,84.2,31,ST,Streg,False,NORMAL,1.003,84,2.7161290322580647,NORMAL
2024-2025,Thomas ARNOLDSEN,1350.0,1433.1,83.1,20,PL,Playmaker,False,NORMAL,1.01,100,4.154999999999999,NORMAL
2024-2025,Nichlas HALD,1350.0,1432.8,82.8,30,PL,Playmaker,False,NORMAL,1.006,123,2.76,NORMAL
2024-2025,Emil BERGHOLT,1350.0,1432.1,82.1,31,ST,Streg,False,NORMAL,1.005,88,2.648387096774193,NORMAL
2024-2025,Christoffer BONDE,1350.0,1431.3,81.3,7,MV,Målvogter,True,NORMAL,1.005,215,11.614285714285714,NORMAL
2024-2025,Olivia SIMONSEN,1350.0,1430.7,80.7,24,ST,Streg,False,NORMAL,1.003,117,3.3625000000000003,NORMAL
2024-2025,Patrick BOLDSEN,1350.0,1429.8,79.8,29,HF,Højre fløj,False,NORMAL,1.004,80,2.7517241379310344,NORMAL
2024-2025,Nicolaj SPANGGAARD,1350.0,1429.1,79.1,29,PL,Playmaker,False,NORMAL,1.008,113,2.7275862068965515,NORMAL
2024-2025,Stine SKOGRAND,1350.0,1429.0,79.0,28,PL,Playmaker,False,NORMAL,1.005,125,2.8214285714285716,NORMAL
2024-2025,Frida Høgaard NIELSEN,1350.0,1426.8,76.8,26,PL,Playmaker,False,NORMAL,1.003,106,2.9538461538461536,NORMAL
2024-2025,Henny REISTAD,1350.0,1425.3,75.3,28,PL,Playmaker,False,NORMAL,1.007,108,2.689285714285714,NORMAL
2024-2025,Andreas SØGAARD,1350.0,1424.7,74.7,27,ST,Streg,False,NORMAL,1.005,79,2.7666666666666666,NORMAL
2024-2025,Senjamin BURIC,1350.0,1424.7,74.7,29,ST,Streg,False,NORMAL,1.005,83,2.575862068965517,NORMAL
2024-2025,Marielle MARTINSEN,1350.0,1423.1,73.1,28,PL,Playmaker,False,NORMAL,1.003,105,2.6107142857142853,NORMAL
2024-2025,Nikolaj MARKUSSEN,1350.0,1422.5,72.5,20,PL,Playmaker,False,NORMAL,1.002,89,3.625,NORMAL
2024-2025,Kevin GULLIKSEN,1318.1,1422.2,104.1,34,HF,Højre fløj,False,NORMAL,1.008,95,3.0617647058823527,NORMAL
2024-2025,Elvar ASGEIRSSON,1350.0,1421.6,71.6,26,PL,Playmaker,False,NORMAL,1.007,94,2.753846153846154,NORMAL
2024-2025,Anders ZACHARIASSEN,1345.1,1421.2,76.1,29,ST,Streg,False,NORMAL,1.007,81,2.6241379310344826,NORMAL
2024-2025,Moa HÖGDAHL,1350.0,1421.2,71.2,21,PL,Playmaker,False,NORMAL,1.003,86,3.3904761904761904,NORMAL
2024-2025,Nanna HINNERFELDT,1350.0,1420.7,70.7,24,ST,Streg,False,NORMAL,1.002,88,2.9458333333333333,NORMAL
2024-2025,Lasse PEDERSEN,1350.0,1420.0,70.0,25,HF,Højre fløj,False,NORMAL,1.009,59,2.8,NORMAL
2024-2025,June BØTTGER,1350.0,1419.7,69.7,26,VF,Venstre fløj,False,NORMAL,1.007,73,2.680769230769231,NORMAL
2024-2025,Anna Berger WIERZBA,1350.0,1419.4,69.4,24,PL,Playmaker,False,NORMAL,1.004,96,2.891666666666667,NORMAL
2024-2025,Miha ZVIZEJ,1350.0,1419.3,69.3,28,ST,Streg,False,NORMAL,1.006,80,2.475,NORMAL
2024-2025,Jeppe CIESLAK,1350.0,1418.8,68.8,28,VF,Venstre fløj,False,NORMAL,1.009,62,2.457142857142857,NORMAL
2024-2025,Alberte KIELSTRUP,1350.0,1417.9,67.9,29,PL,Playmaker,False,NORMAL,1.006,102,2.341379310344828,NORMAL
2024-2025,Kristian BJØRNSEN,1350.0,1417.3,67.3,23,HF,Højre fløj,False,NORMAL,1.006,59,2.926086956521739,NORMAL
2024-2025,Tobias NIELSEN,1323.6,1415.6,92.0,26,HF,Højre fløj,False,NORMAL,1.005,77,3.5384615384615383,NORMAL
2024-2025,Thilde FRANDSEN,1350.0,1414.9,64.9,25,HF,Højre fløj,False,NORMAL,1.005,68,2.596,NORMAL
2024-2025,Thomas BOILESEN,1350.0,1414.5,64.5,25,PL,Playmaker,False,NORMAL,1.004,94,2.58,NORMAL
2024-2025,Amalie WULFF,1350.0,1414.4,64.4,21,ST,Streg,False,NORMAL,1.005,56,3.066666666666667,NORMAL
2024-2025,Sanna SOLBERG,1350.0,1414.4,64.4,21,VF,Venstre fløj,False,NORMAL,1.007,58,3.066666666666667,NORMAL
2024-2025,Mads HOXER,1325.4,1413.9,88.5,20,PL,Playmaker,False,NORMAL,1.005,108,4.425,NORMAL
2024-2025,Lars SKAARUP,1350.0,1412.8,62.8,20,VF,Venstre fløj,False,NORMAL,1.009,63,3.1399999999999997,NORMAL
2024-2025,Joaquim NAZARÉ,1286.3,1411.9,125.6,35,PL,Playmaker,False,NORMAL,1.004,201,3.5885714285714285,NORMAL
2024-2025,Frederik BJERRE,1350.0,1411.3,61.3,23,VF,Venstre fløj,False,NORMAL,1.006,51,2.6652173913043478,NORMAL
2024-2025,Henrik JAKOBSEN,1325.3,1411.2,85.9,28,ST,Streg,False,NORMAL,1.006,88,3.067857142857143,NORMAL
2024-2025,Marcus MIDTGAARD,1344.9,1411.2,66.3,27,PL,Playmaker,False,NORMAL,1.004,96,2.4555555555555553,NORMAL
2024-2025,Stine Opstrup KRISTENSEN,1347.5,1410.2,62.7,21,HF,Højre fløj,False,NORMAL,1.008,44,2.9857142857142858,NORMAL
2024-2025,Hjalte LYKKE,1321.7,1408.9,87.2,28,HB,Højre back,False,NORMAL,1.004,108,3.1142857142857143,NORMAL
2024-2025,Emma LAURSEN,1350.0,1408.5,58.5,22,HF,Højre fløj,False,NORMAL,1.004,71,2.659090909090909,NORMAL
2024-2025,Mie HØJLUND,1350.0,1406.3,56.3,23,PL,Playmaker,False,NORMAL,1.007,75,2.4478260869565216,NORMAL
2024-2025,Mikkel LANG,1350.0,1402.8,52.8,21,HF,Højre fløj,False,NORMAL,1.01,41,2.5142857142857142,NORMAL
2024-2025,Magnus BRAMMING,1350.0,1402.6,52.6,21,VF,Venstre fløj,False,NORMAL,1.005,50,2.5047619047619047,NORMAL
2024-2025,Henriette HANSEN,1336.0,1402.5,66.5,30,HF,Højre fløj,False,NORMAL,1.008,85,2.216666666666667,NORMAL
2024-2025,Victor WOLF,1350.0,1401.8,51.8,23,VF,Venstre fløj,False,NORMAL,1.01,47,2.252173913043478,NORMAL
2024-2025,Lauritz LEGÉR,1338.5,1401.7,63.2,23,PL,Playmaker,False,NORMAL,1.01,83,2.747826086956522,NORMAL
2024-2025,René RASMUSSEN,1350.0,1401.0,51.0,27,HF,Højre fløj,False,NORMAL,1.004,49,1.8888888888888888,NORMAL
2024-2025,Morten JØRGENSEN,1350.0,1400.8,50.8,20,VF,Venstre fløj,False,NORMAL,1.011,51,2.54,NORMAL
2024-2025,Maren AARDAHL,1350.0,1400.8,50.8,29,ST,Streg,False,NORMAL,1.007,67,1.7517241379310344,NORMAL
2024-2025,Simone PETERSEN,1350.0,1399.7,49.7,17,PL,Playmaker,False,NORMAL,1.005,61,2.923529411764706,NORMAL
2024-2025,Alexander LYNGGAARD,1350.0,1398.9,48.9,22,ST,Streg,False,NORMAL,1.006,47,2.2227272727272727,NORMAL
2024-2025,Eivind TANGEN,1350.0,1398.8,48.8,27,HB,Højre back,False,NORMAL,1.002,76,1.8074074074074074,NORMAL
2024-2025,Maria LYKKEGAARD,1350.0,1397.9,47.9,26,ST,Streg,False,NORMAL,1.006,62,1.8423076923076922,NORMAL
2024-2025,Louise ELLEBÆK,1350.0,1397.5,47.5,17,VB,Venstre back,False,NORMAL,1.006,89,2.7941176470588234,NORMAL
2024-2025,Lasse MIKKELSEN,1350.0,1396.6,46.6,20,PL,Playmaker,False,NORMAL,1.007,63,2.33,NORMAL
2024-2025,Benjamin PEDERSEN,1350.0,1395.9,45.9,16,ST,Streg,False,NORMAL,1.007,51,2.86875,NORMAL
2024-2025,Rasmus MADSBØLL,1308.0,1393.6,85.6,27,VF,Venstre fløj,False,NORMAL,1.007,69,3.17037037037037,NORMAL
2024-2025,Louise SØNDERGAARD,1299.6,1393.5,93.9,31,HB,Højre back,False,NORMAL,1.004,151,3.0290322580645164,NORMAL
2024-2025,Kaja Kamp NIELSEN,1350.0,1391.6,41.6,24,ST,Streg,False,NORMAL,1.005,67,1.7333333333333334,NORMAL
2024-2025,Camilla DEGN,1350.0,1391.2,41.2,12,VF,Venstre fløj,False,NORMAL,1.005,61,3.4333333333333336,NORMAL
2024-2025,Anders Kragh MARTINUSEN,1350.0,1391.1,41.1,11,ST,Streg,False,NORMAL,1.005,49,3.7363636363636363,NORMAL
2024-2025,Elma HALILCEVIC,1350.0,1389.6,39.6,23,VF,Venstre fløj,False,NORMAL,1.006,48,1.7217391304347827,NORMAL
2024-2025,Viktor NEVERS,1350.0,1389.5,39.5,15,HF,Højre fløj,False,NORMAL,1.01,36,2.6333333333333333,NORMAL
2024-2025,Clara SKØTT,1350.0,1389.4,39.4,12,HF,Højre fløj,False,NORMAL,1.004,37,3.283333333333333,NORMAL
2024-2025,Julius MØRCH,1350.0,1388.8,38.8,20,ST,Streg,False,NORMAL,1.005,45,1.94,NORMAL
2024-2025,Nikita Van Der VLIET,1350.0,1388.0,38.0,22,ST,Streg,False,NORMAL,1.005,55,1.7272727272727273,NORMAL
2024-2025,Kasper YOUNG,1350.0,1388.0,38.0,12,HF,Højre fløj,False,NORMAL,1.009,39,3.1666666666666665,NORMAL
2024-2025,Natasja ANDREASEN,1350.0,1387.5,37.5,14,PL,Playmaker,False,NORMAL,1.005,46,2.6785714285714284,NORMAL
2024-2025,August WIGER,1334.0,1387.4,53.4,22,PL,Playmaker,False,NORMAL,1.007,63,2.4272727272727272,NORMAL
2024-2025,Maja Munch LAURSEN,1350.0,1387.1,37.1,19,VF,Venstre fløj,False,NORMAL,1.007,37,1.9526315789473685,NORMAL
2024-2025,Anna GRUNDTVIG,1350.0,1386.7,36.7,21,VF,Venstre fløj,False,NORMAL,1.007,47,1.7476190476190478,NORMAL
2024-2025,Alberte SIMONSEN,1350.0,1386.2,36.2,21,VF,Venstre fløj,False,NORMAL,1.006,41,1.723809523809524,NORMAL
2024-2025,Emilie BECH,1350.0,1386.0,36.0,19,HF,Højre fløj,False,NORMAL,1.001,47,1.894736842105263,NORMAL
2024-2025,Christoffer CICHOSZ,1350.0,1386.0,36.0,17,ST,Streg,False,NORMAL,1.004,38,2.1176470588235294,NORMAL
2024-2025,Morten BALLING,1336.1,1385.9,49.8,22,PL,Playmaker,False,NORMAL,1.003,50,2.2636363636363637,NORMAL
2024-2025,Annika MEYER,1342.5,1385.5,43.0,20,ST,Streg,False,NORMAL,1.007,41,2.15,NORMAL
2024-2025,Bjarke CHRISTENSEN,1350.0,1384.8,34.8,13,VF,Venstre fløj,False,NORMAL,1.007,31,2.6769230769230767,NORMAL
2024-2025,Andrea West BENDTSEN,1350.0,1384.2,34.2,24,PL,Playmaker,False,NORMAL,1.001,90,1.425,NORMAL
2024-2025,Henrik TILSTED,1350.0,1382.4,32.4,13,VF,Venstre fløj,False,NORMAL,1.011,27,2.4923076923076923,NORMAL
2024-2025,Boline LAURSEN,1291.9,1381.8,89.9,31,ST,Streg,False,NORMAL,1.005,115,2.9000000000000004,NORMAL
2024-2025,Jonatan MOLLERUP,1350.0,1379.8,29.8,12,HF,Højre fløj,False,NORMAL,1.004,29,2.4833333333333334,NORMAL
2024-2025,Oliver WOSNIAK,1337.8,1379.7,41.9,11,PL,Playmaker,False,NORMAL,1.0,77,3.809090909090909,NORMAL
2024-2025,Johan MEKLENBORG,1350.0,1379.2,29.2,10,PL,Playmaker,False,NORMAL,1.005,38,2.92,NORMAL
2024-2025,Marinus MUNK,1314.2,1378.7,64.5,28,PL,Playmaker,False,NORMAL,1.002,105,2.3035714285714284,NORMAL
2024-2025,Rene ANTONSEN,1350.0,1378.5,28.5,19,ST,Streg,False,NORMAL,1.006,36,1.5,NORMAL
2024-2025,Rikke IVERSEN,1350.0,1378.3,28.3,20,ST,Streg,False,NORMAL,1.003,44,1.415,NORMAL
2024-2025,Rasmus LAUGE,1308.1,1378.2,70.1,14,PL,Playmaker,False,NORMAL,1.002,106,5.007142857142857,NORMAL
2024-2025,Magnus NORLYK,1317.1,1377.9,60.8,24,VF,Venstre fløj,False,NORMAL,1.009,53,2.533333333333333,NORMAL
2024-2025,Cecilie BRANDT,1319.5,1377.7,58.2,28,HF,Højre fløj,False,NORMAL,1.007,59,2.0785714285714287,NORMAL
2024-2025,Marcus MØRK,1350.0,1376.6,26.6,16,PL,Playmaker,False,NORMAL,1.004,39,1.6625,NORMAL
2024-2025,Gustav BRUUN,1303.8,1376.1,72.3,27,PL,Playmaker,False,NORMAL,1.004,95,2.6777777777777776,NORMAL
2024-2025,Anne Tolstrup PETERSEN,1350.0,1375.8,25.8,8,HF,Højre fløj,False,NORMAL,1.015,24,3.225,NORMAL
2024-2025,Louise HALD,1293.2,1375.8,82.6,27,HF,Højre fløj,False,NORMAL,1.006,73,3.059259259259259,NORMAL
2024-2025,Buster JUUL,1350.0,1375.6,25.6,14,VF,Venstre fløj,False,NORMAL,1.006,23,1.8285714285714287,NORMAL
2024-2025,Thor CHRISTENSEN,1350.0,1375.4,25.4,16,ST,Streg,False,NORMAL,1.006,26,1.5875,NORMAL
2024-2025,Nikolaj NIELSEN,1350.0,1374.9,24.9,13,ST,Streg,False,NORMAL,1.004,32,1.9153846153846152,NORMAL
2024-2025,Maria Berger WIERZBA,1270.8,1374.5,103.7,30,PL,Playmaker,False,NORMAL,1.005,151,3.4566666666666666,NORMAL
2024-2025,Catharina MOLENAAR,1287.8,1374.2,86.4,29,ST,Streg,False,NORMAL,1.004,102,2.9793103448275864,NORMAL
2024-2025,Marigona HAJDARI,1350.0,1373.1,23.1,14,PL,Playmaker,False,NORMAL,1.006,34,1.6500000000000001,NORMAL
2024-2025,Mads LENBROCH,1322.8,1372.3,49.5,25,VF,Venstre fløj,False,NORMAL,1.008,47,1.98,NORMAL
2024-2025,Axel FRANZÉN,1349.3,1372.1,22.8,13,ST,Streg,False,NORMAL,1.007,28,1.7538461538461538,NORMAL
2024-2025,Emilie BANGSHØI,1276.3,1371.9,95.6,28,VF,Venstre fløj,False,NORMAL,1.008,95,3.414285714285714,NORMAL
2024-2025,Morten KAALUND,1291.7,1371.9,80.2,27,ST,Streg,False,NORMAL,1.007,76,2.9703703703703703,NORMAL
2024-2025,Reinier TABOADA,1285.2,1369.3,84.1,32,PL,Playmaker,False,NORMAL,1.002,136,2.628125,NORMAL
2024-2025,Kasper LINDGREN,1336.5,1369.2,32.7,18,ST,Streg,False,NORMAL,1.009,30,1.8166666666666669,NORMAL
2024-2025,Cecilie BJERRE,1297.5,1368.5,71.0,15,PL,Playmaker,False,NORMAL,1.004,130,4.733333333333333,NORMAL
2024-2025,Freja COHRT,1350.0,1368.4,18.4,12,VF,Venstre fløj,False,NORMAL,1.005,19,1.5333333333333332,NORMAL
2024-2025,Alberte EBLER,1350.0,1368.2,18.2,16,HB,Højre back,False,NORMAL,1.002,49,1.1375,NORMAL
2024-2025,Marit Røsberg JACOBSEN,1350.0,1367.5,17.5,7,HF,Højre fløj,False,NORMAL,1.006,17,2.5,NORMAL
2024-2025,Sophia SNOGDAL,1350.0,1367.4,17.4,6,VF,Venstre fløj,False,NORMAL,1.009,11,2.9,NORMAL
2024-2025,Caroline SVARRE,1339.4,1366.7,27.3,20,ST,Streg,False,NORMAL,1.006,31,1.365,NORMAL
2024-2025,Nikolaj LARSSON,1298.3,1366.4,68.1,26,HB,Højre back,False,NORMAL,1.002,90,2.619230769230769,NORMAL
2024-2025,Julie SCAGLIONE,1350.0,1366.4,16.4,6,VB,Venstre back,False,NORMAL,1.002,35,2.733333333333333,NORMAL
2024-2025,Helena ELVER,1284.3,1365.7,81.4,29,ST,Streg,False,NORMAL,1.005,112,2.806896551724138,NORMAL
2024-2025,Maria FISKER,1350.0,1364.2,14.2,7,VF,Venstre fløj,False,NORMAL,1.007,15,2.0285714285714285,NORMAL
2024-2025,Evgeni PEVNOV,1286.4,1363.8,77.4,27,ST,Streg,False,NORMAL,1.005,87,2.8666666666666667,NORMAL
2024-2025,Sarah PAULSEN,1306.4,1363.4,57.0,22,PL,Playmaker,False,NORMAL,1.005,100,2.590909090909091,NORMAL
2024-2025,Jacob BAGERSTED,1325.1,1363.3,38.2,18,ST,Streg,False,NORMAL,1.005,42,2.1222222222222222,NORMAL
2024-2025,Emil GRØNBECH,1350.0,1363.2,13.2,3,HB,Højre back,False,NORMAL,1.001,26,4.3999999999999995,NORMAL
2024-2025,Clara Skyum THOMSEN,1334.8,1363.0,28.2,23,HB,Højre back,False,NORMAL,1.002,75,1.2260869565217392,NORMAL
2024-2025,Amanda Loft HANSEN,1338.1,1361.4,23.3,17,ST,Streg,False,NORMAL,1.006,26,1.3705882352941177,NORMAL
2024-2025,Victor NORLYK,1307.5,1361.1,53.6,25,PL,Playmaker,False,NORMAL,1.007,65,2.144,NORMAL
2024-2025,Mathias HEDEGAARD,1326.5,1360.8,34.3,17,ST,Streg,False,NORMAL,1.003,45,2.0176470588235293,NORMAL
2024-2025,Sebastian HENNEBERG,1350.0,1359.2,9.2,3,PL,Playmaker,False,NORMAL,1.008,9,3.0666666666666664,NORMAL
2024-2025,Joachim Lyng ALS,1309.1,1358.9,49.8,21,VF,Venstre fløj,False,NORMAL,1.006,45,2.3714285714285714,NORMAL
2024-2025,Mathilde KRISTENSEN,1322.0,1358.4,36.4,20,ST,Streg,False,NORMAL,1.007,40,1.8199999999999998,NORMAL
2024-2025,Thea RASMUSSEN,1271.9,1358.4,86.5,30,PL,Playmaker,False,NORMAL,1.005,154,2.8833333333333333,NORMAL
2024-2025,Nicoline LAURITSEN,1306.3,1357.5,51.2,26,ST,Streg,False,NORMAL,1.005,69,1.9692307692307693,NORMAL
2024-2025,Jana MITTÚN,1249.4,1357.2,107.8,31,ST,Streg,False,NORMAL,1.007,121,3.47741935483871,NORMAL
2024-2025,Kasper KILDELUND,1320.3,1357.0,36.7,18,HF,Højre fløj,False,NORMAL,1.007,31,2.038888888888889,NORMAL
2024-2025,Anton BRAMMING,1350.0,1356.7,6.7,6,VF,Venstre fløj,False,NORMAL,1.007,6,1.1166666666666667,NORMAL
2024-2025,Rikke JOCHUMSEN,1336.2,1356.7,20.5,14,VF,Venstre fløj,False,NORMAL,1.006,26,1.4642857142857142,NORMAL
2024-2025,Melanie BAK,1295.7,1356.3,60.6,25,ST,Streg,False,NORMAL,1.007,57,2.424,NORMAL
2024-2025,Katrine JACOBSEN,1331.4,1356.2,24.8,15,ST,Streg,False,NORMAL,1.006,23,1.6533333333333333,NORMAL
2024-2025,Elin HANSSON,1325.8,1356.0,30.2,20,VF,Venstre fløj,False,NORMAL,1.004,37,1.51,NORMAL
2024-2025,Lukas NILSSON,1289.7,1355.0,65.3,22,PL,Playmaker,False,NORMAL,1.003,99,2.9681818181818183,NORMAL
2024-2025,Nikolaj SVALASTOG,1327.1,1355.0,27.9,13,VF,Venstre fløj,False,NORMAL,1.007,24,2.146153846153846,NORMAL
2024-2025,Caroline AAR,1289.4,1354.8,65.4,27,ST,Streg,False,NORMAL,1.005,72,2.4222222222222225,NORMAL
2024-2025,Svend RUGHAVE,1333.2,1353.1,19.9,10,MV,Målvogter,True,NORMAL,1.001,77,1.9899999999999998,NORMAL
2024-2025,Simon BIRKEFELDT,1350.0,1352.4,2.4,5,PL,Playmaker,False,NORMAL,1.003,5,0.48,NORMAL
2024-2025,Kasper DIDRIKSEN,1309.4,1352.2,42.8,25,ST,Streg,False,NORMAL,1.005,49,1.712,NORMAL
2024-2025,Live RUSHFELDT DEILA,1242.5,1351.3,108.8,34,PL,Playmaker,False,NORMAL,1.012,141,3.1999999999999997,NORMAL
2024-2025,Nora MØRK,1350.0,1350.7,0.7,1,ST,Streg,False,NORMAL,1.0,1,0.7,NORMAL
2024-2025,Sofia DEEN,1288.1,1350.6,62.5,25,PL,Playmaker,False,NORMAL,1.004,91,2.5,NORMAL
2024-2025,Sebastian AUGUSTINUSSEN,1325.4,1349.0,23.6,13,HF,Højre fløj,False,NORMAL,1.008,19,1.8153846153846156,NORMAL
2024-2025,Mathilda LUNDSTRØM,1328.7,1348.7,20.0,5,HF,Højre fløj,False,NORMAL,1.007,15,4.0,NORMAL
2024-2025,Martin RISOM,1279.6,1348.3,68.7,20,ST,Streg,False,NORMAL,1.014,79,3.435,NORMAL
2024-2025,Emil LÆRKE,1200.0,1347.7,147.7,26,PL,Playmaker,False,NORMAL,1.009,208,5.68076923076923,NORMAL
2024-2025,Arlinda HAJDARI,1290.8,1347.3,56.5,27,HB,Højre back,False,NORMAL,1.003,67,2.0925925925925926,NORMAL
2024-2025,Sebastian FRANDSEN,1307.1,1346.5,39.4,6,MV,Målvogter,True,NORMAL,1.014,77,6.566666666666666,NORMAL
2024-2025,Pernille JOHANNSEN,1344.2,1346.5,2.3,1,HF,Højre fløj,False,NORMAL,1.0,2,2.3,NORMAL
2024-2025,Mark NIKOLAJSEN,1274.3,1345.3,71.0,22,PL,Playmaker,False,NORMAL,1.006,109,3.227272727272727,NORMAL
2024-2025,Sarah Vest KIRKELØKKE,1307.7,1343.9,36.2,21,ST,Streg,False,NORMAL,1.003,44,1.723809523809524,NORMAL
2024-2025,Matilde VESTERGAARD,1303.5,1343.7,40.2,25,VF,Venstre fløj,False,NORMAL,1.007,49,1.608,NORMAL
2024-2025,Simon HALD,1292.2,1343.4,51.2,31,ST,Streg,False,NORMAL,1.005,55,1.6516129032258065,NORMAL
2024-2025,Sidsel POULSEN,1277.9,1342.7,64.8,26,ST,Streg,False,NORMAL,1.006,68,2.4923076923076923,NORMAL
2024-2025,Magnus RAHBEK,1279.2,1341.6,62.4,27,PL,Playmaker,False,NORMAL,1.003,126,2.311111111111111,NORMAL
2024-2025,Sofie ØSTERGAARD,1272.9,1341.4,68.5,23,HF,Højre fløj,False,NORMAL,1.004,66,2.9782608695652173,NORMAL
2024-2025,Josefine DRAGENBERG,1305.1,1340.7,35.6,16,ST,Streg,False,NORMAL,1.007,32,2.225,NORMAL
2024-2025,Martin LARSEN,1320.7,1340.5,19.8,12,PL,Playmaker,False,NORMAL,1.003,27,1.6500000000000001,NORMAL
2024-2025,Frederik HORN,1277.1,1340.3,63.2,24,PL,Playmaker,False,NORMAL,1.009,82,2.6333333333333333,NORMAL
2024-2025,Viktor BERGHOLT,1290.8,1340.3,49.5,22,VF,Venstre fløj,False,NORMAL,1.006,49,2.25,NORMAL
2024-2025,Anne-Sofie FILTENBORG,1309.2,1340.3,31.1,25,HF,Højre fløj,False,NORMAL,1.008,45,1.244,NORMAL
2024-2025,Jonas RAUNDAHL,1252.5,1339.0,86.5,27,ST,Streg,False,NORMAL,1.006,77,3.2037037037037037,NORMAL
2024-2025,August FRIDÉN,1337.1,1338.5,1.4,3,VF,Venstre fløj,False,NORMAL,1.003,3,0.4666666666666666,NORMAL
2024-2025,Mathilde ØSTERGAARD,1263.7,1338.1,74.4,23,VF,Venstre fløj,False,NORMAL,1.008,86,3.2347826086956526,NORMAL
2024-2025,Aleks VLAH,1270.6,1337.9,67.3,30,PL,Playmaker,False,NORMAL,1.006,92,2.243333333333333,NORMAL
2024-2025,Tobias TOMBAK,1292.1,1336.9,44.8,19,PL,Playmaker,False,NORMAL,1.008,54,2.357894736842105,NORMAL
2024-2025,Markéta JERÁBKOVÁ,1294.0,1336.9,42.9,13,PL,Playmaker,False,NORMAL,1.001,76,3.3,NORMAL
2024-2025,Henrik MØLLGAARD,1336.2,1336.7,0.5,1,PL,Playmaker,False,NORMAL,1.0,1,0.5,NORMAL
2024-2025,Frederik ARNOLDSEN,1309.5,1336.3,26.8,14,ST,Streg,False,NORMAL,1.004,32,1.9142857142857144,NORMAL
2024-2025,Rasmus HENRIKSEN,1327.8,1335.4,7.6,1,MV,Målvogter,True,NORMAL,1.0,24,7.6,NORMAL
2024-2025,Jonathan WÜRTZ,1315.1,1334.7,19.6,18,PL,Playmaker,False,NORMAL,1.001,41,1.088888888888889,NORMAL
2024-2025,Salah BOUTAF,1336.8,1334.2,-2.6,17,MV,Målvogter,True,NORMAL,1.003,25,-0.15294117647058825,NORMAL
2024-2025,Katarina BERENS,1332.4,1333.4,1.0,1,ST,Streg,False,NORMAL,1.0,1,1.0,NORMAL
2024-2025,Josip CAVAR,1313.9,1332.2,18.3,14,MV,Målvogter,True,NORMAL,1.007,51,1.3071428571428572,NORMAL
2024-2025,Sabine ENGLERT,1309.8,1330.0,20.2,8,MV,Målvogter,True,NORMAL,1.013,13,2.525,NORMAL
2024-2025,Tim RANTALA,1295.5,1329.7,34.2,20,ST,Streg,False,NORMAL,1.006,33,1.7100000000000002,NORMAL
2024-2025,Ditte BACH,1200.0,1329.6,129.6,27,HF,Højre fløj,False,NORMAL,1.005,134,4.8,NORMAL
2024-2025,Nikoline SAX,1319.4,1328.9,9.5,9,PL,Playmaker,False,NORMAL,1.004,15,1.0555555555555556,NORMAL
2024-2025,Christian TERMANSEN,1307.9,1328.9,21.0,15,PL,Playmaker,False,NORMAL,1.006,34,1.4,NORMAL
2024-2025,Benjamin JAKOBSEN,1315.2,1328.8,13.6,7,ST,Streg,False,NORMAL,1.009,11,1.9428571428571428,NORMAL
2024-2025,Matilde KONDRUP NIELSEN,1304.2,1328.7,24.5,14,VF,Venstre fløj,False,NORMAL,1.009,20,1.75,NORMAL
2024-2025,Mikkel LØVKVIST,1294.1,1328.6,34.5,8,MV,Målvogter,True,NORMAL,1.007,137,4.3125,NORMAL
2024-2025,Mads BJERGFELT,1307.7,1328.1,20.4,17,PL,Playmaker,False,NORMAL,1.003,37,1.2,NORMAL
2024-2025,Matthias DORGELO,1307.0,1327.7,20.7,8,MV,Målvogter,True,NORMAL,1.0,72,2.5875,NORMAL
2024-2025,Line Mai HOUGAARD,1277.0,1327.0,50.0,22,HF,Højre fløj,False,NORMAL,1.008,53,2.272727272727273,NORMAL
2024-2025,Kasper LARSEN,1319.4,1325.4,6.0,2,MV,Målvogter,True,NORMAL,0.997,42,3.0,NORMAL
2024-2025,Sara LILHOLT,1318.7,1324.6,5.9,6,ST,Streg,False,NORMAL,1.004,9,0.9833333333333334,NORMAL
2024-2025,Tobias GRØNDAHL,1200.0,1324.1,124.1,35,PL,Playmaker,False,NORMAL,1.005,181,3.5457142857142854,NORMAL
2024-2025,Magnus BRANDBYGE,1320.3,1324.1,3.8,3,MV,Målvogter,True,NORMAL,1.002,60,1.2666666666666666,NORMAL
2024-2025,Thorsten FRIES,1309.9,1323.8,13.9,5,MV,Målvogter,True,NORMAL,1.002,56,2.7800000000000002,NORMAL
2024-2025,Kristjan ÖRN KRISTJANSSON,1200.0,1323.6,123.6,32,HB,Højre back,False,NORMAL,1.005,203,3.8625,NORMAL
2024-2025,René Toft HANSEN,1314.6,1322.4,7.8,5,ST,Streg,False,NORMAL,1.008,6,1.56,NORMAL
2024-2025,Sara MADSEN,1254.8,1321.1,66.3,29,PL,Playmaker,False,NORMAL,1.004,140,2.286206896551724,NORMAL
2024-2025,Magnus PETERSEN,1304.4,1321.0,16.6,6,MV,Målvogter,True,NORMAL,0.999,59,2.766666666666667,NORMAL
2024-2025,Lasse BALSTAD,1315.7,1320.7,5.0,6,ST,Streg,False,NORMAL,1.004,8,0.8333333333333334,NORMAL
2024-2025,Jonas PORUP,1315.2,1320.6,5.4,8,PL,Playmaker,False,NORMAL,1.001,11,0.675,NORMAL
2024-2025,Nicoline OLSEN,1256.8,1320.5,63.7,28,HF,Højre fløj,False,NORMAL,1.006,74,2.275,NORMAL
2024-2025,Niklas LANDIN,1291.6,1320.3,28.7,10,MV,Målvogter,True,NORMAL,1.005,53,2.87,NORMAL
2024-2025,Tobias OLSEN,1307.7,1320.1,12.4,6,HF,Højre fløj,False,NORMAL,1.003,16,2.066666666666667,NORMAL
2024-2025,Vetle RØNNINGEN,1301.6,1320.0,18.4,9,ST,Streg,False,NORMAL,1.008,16,2.0444444444444443,NORMAL
2024-2025,Thale Rushfeldt DEILA,1252.7,1319.6,66.9,27,PL,Playmaker,False,NORMAL,1.005,98,2.477777777777778,NORMAL
2024-2025,Maria HØJGAARD,1306.0,1319.3,13.3,8,VF,Venstre fløj,False,NORMAL,1.005,14,1.6625,NORMAL
2024-2025,Anne Christine BOSSEN,1306.6,1319.2,12.6,9,MV,Målvogter,True,NORMAL,1.01,11,1.4,NORMAL
2024-2025,Joachim MØLLER,1305.7,1318.4,12.7,11,ST,Streg,False,NORMAL,1.006,23,1.1545454545454545,NORMAL
2024-2025,Malin AUNE,1246.0,1317.7,71.7,28,HF,Højre fløj,False,NORMAL,1.004,79,2.560714285714286,NORMAL
2024-2025,Anders AGGER,1240.2,1317.6,77.4,27,ST,Streg,False,NORMAL,1.006,84,2.8666666666666667,NORMAL
2024-2025,Christina HANSEN,1299.8,1317.2,17.4,15,ST,Streg,False,NORMAL,1.006,28,1.16,NORMAL
2024-2025,Peter LUND,1316.1,1317.0,0.9,1,HF,Højre fløj,False,NORMAL,1.0,1,0.9,NORMAL
2024-2025,Tine GEERTSEN,1306.6,1317.0,10.4,6,ST,Streg,False,NORMAL,1.009,10,1.7333333333333334,NORMAL
2024-2025,Tim WINKLER,1322.0,1316.9,-5.1,5,MV,Målvogter,True,NORMAL,0.997,13,-1.02,NORMAL
2024-2025,Stine BROLØS,1308.5,1316.9,8.4,8,MV,Målvogter,True,NORMAL,1.006,14,1.05,NORMAL
2024-2025,Jonas FUGLSBJERG,1282.1,1316.7,34.6,15,PL,Playmaker,False,NORMAL,1.003,51,2.3066666666666666,NORMAL
2024-2025,Nikolaj LÆSØ,1200.0,1316.3,116.3,32,PL,Playmaker,False,NORMAL,1.003,180,3.634375,NORMAL
2024-2025,Emilie ROSBORG,1252.6,1316.3,63.7,23,VF,Venstre fløj,False,NORMAL,1.005,59,2.7695652173913046,NORMAL
2024-2025,Anna KRISTENSEN,1308.8,1315.6,6.8,7,MV,Målvogter,True,NORMAL,1.006,9,0.9714285714285714,NORMAL
2024-2025,Niklas KRAFT,1308.4,1315.3,6.9,4,MV,Målvogter,True,NORMAL,1.001,60,1.725,NORMAL
2024-2025,Josefine Kaae LARSEN,1291.8,1314.9,23.1,12,VF,Venstre fløj,False,NORMAL,1.005,24,1.925,NORMAL
2024-2025,Mette BRANDT,1200.0,1314.9,114.9,22,ST,Streg,False,NORMAL,1.004,140,5.222727272727273,NORMAL
2024-2025,Frederikke WAAGE-JENSEN,1291.4,1314.7,23.3,18,HF,Højre fløj,False,NORMAL,1.002,41,1.2944444444444445,NORMAL
2024-2025,Alexander BLONZ,1284.5,1314.5,30.0,11,VF,Venstre fløj,False,NORMAL,1.011,28,2.727272727272727,NORMAL
2024-2025,Kristian BONEFELD,1313.1,1314.5,1.4,4,PL,Playmaker,False,NORMAL,1.002,4,0.35,NORMAL
2024-2025,Amalie MILLING,1308.3,1314.2,5.9,5,MV,Målvogter,True,NORMAL,1.008,5,1.1800000000000002,NORMAL
2024-2025,Jimmi ANDERSEN,1304.4,1313.6,9.2,5,MV,Målvogter,True,NORMAL,1.009,47,1.8399999999999999,NORMAL
2024-2025,Emily Stang SANDO,1307.2,1313.5,6.3,3,MV,Målvogter,True,NORMAL,1.01,4,2.1,NORMAL
2024-2025,Tobias Gregers SCHMIDT,1291.6,1313.4,21.8,10,ST,Streg,False,NORMAL,1.006,22,2.18,NORMAL
2024-2025,Einar ÓLAFSSON,1304.3,1312.9,8.6,7,ST,Streg,False,NORMAL,1.007,9,1.2285714285714284,NORMAL
2024-2025,Emil TELLERUP,1310.5,1312.9,2.4,2,MV,Målvogter,True,NORMAL,0.998,50,1.2,NORMAL
2024-2025,Astrid LYNNERUP,1200.0,1312.7,112.7,31,VF,Venstre fløj,False,NORMAL,1.006,126,3.635483870967742,NORMAL
2024-2025,Tobias MYGIND,1307.6,1311.6,4.0,4,PL,Playmaker,False,NORMAL,1.003,7,1.0,NORMAL
2024-2025,Althea REINHARDT,1308.4,1311.5,3.1,3,MV,Målvogter,True,NORMAL,1.004,4,1.0333333333333334,NORMAL
2024-2025,Anna VENG,1312.7,1310.8,-1.9,3,MV,Målvogter,True,NORMAL,0.997,4,-0.6333333333333333,NORMAL
2024-2025,Mathias SMED,1308.3,1310.5,2.2,2,ST,Streg,False,NORMAL,1.0,2,1.1,NORMAL
2024-2025,Andreas DYSSEHOLM,1309.0,1310.0,1.0,1,HF,Højre fløj,False,NORMAL,1.0,1,1.0,NORMAL
2024-2025,Sarah ERNEBJERG,1291.9,1309.6,17.7,13,MV,Målvogter,True,NORMAL,1.007,14,1.3615384615384616,NORMAL
2024-2025,Stine BONDE,1308.5,1309.5,1.0,4,MV,Målvogter,True,NORMAL,1.002,5,0.25,NORMAL
2024-2025,Filippa IDÉHN,1303.3,1309.3,6.0,11,MV,Målvogter,True,NORMAL,1.003,17,0.5454545454545454,NORMAL
2024-2025,Cecilie GREVE,1303.8,1309.2,5.4,5,MV,Målvogter,True,NORMAL,1.007,6,1.08,NORMAL
2024-2025,Kristoffer LAURSEN,1314.7,1308.5,-6.2,2,MV,Målvogter,True,NORMAL,0.998,25,-3.1,NORMAL
2024-2025,Kathrine HEINDAHL,1298.8,1308.3,9.5,6,ST,Streg,False,NORMAL,1.006,14,1.5833333333333333,NORMAL
2024-2025,Annette WIRÉN LARSEN,1284.2,1307.7,23.5,10,PL,Playmaker,False,NORMAL,1.004,33,2.35,NORMAL
2024-2025,Martina THÖRN,1307.7,1307.3,-0.4,1,MV,Målvogter,True,NORMAL,1.0,1,-0.4,NORMAL
2024-2025,Ida Marie KAYSEN,1306.3,1305.9,-0.4,1,MV,Målvogter,True,NORMAL,1.0,1,-0.4,NORMAL
2024-2025,Edwin ASPENBÄCK,1200.0,1305.3,105.3,29,PL,Playmaker,False,NORMAL,1.004,116,3.6310344827586207,NORMAL
2024-2025,Camilla PEDERSEN,1291.5,1304.8,13.3,10,ST,Streg,False,NORMAL,1.006,16,1.33,NORMAL
2024-2025,Malte EICHHORST,1292.1,1304.3,12.2,4,MV,Målvogter,True,NORMAL,1.012,16,3.05,NORMAL
2024-2025,Sille Cecilie SORTH,1200.0,1303.6,103.6,28,HF,Højre fløj,False,NORMAL,1.01,129,3.6999999999999997,NORMAL
2024-2025,Oskar VIND,1275.2,1303.2,28.0,13,HF,Højre fløj,False,NORMAL,1.007,28,2.1538461538461537,NORMAL
2024-2025,Emil LA COUR,1292.2,1302.4,10.2,10,VF,Venstre fløj,False,NORMAL,1.004,16,1.02,NORMAL
2024-2025,Jack THURIN,1246.6,1302.3,55.7,25,PL,Playmaker,False,NORMAL,1.004,83,2.228,NORMAL
2024-2025,Bianca SCHANSSEMA,1291.8,1301.5,9.7,5,MV,Målvogter,True,NORMAL,1.008,9,1.94,NORMAL
2024-2025,Maria Palsdottir NÓLSOY,1200.0,1300.8,100.8,30,VF,Venstre fløj,False,NORMAL,1.011,96,3.36,NORMAL
2024-2025,Victor LYNGSØ,1290.8,1300.5,9.7,6,ST,Streg,False,NORMAL,1.003,13,1.6166666666666665,NORMAL
2024-2025,Louise Bak JENSEN,1291.1,1300.5,9.4,6,MV,Målvogter,True,NORMAL,1.012,7,1.5666666666666667,NORMAL
2024-2025,Magnus FREDRIKSEN,1200.0,1300.4,100.4,28,ST,Streg,False,NORMAL,1.005,107,3.585714285714286,NORMAL
2024-2025,Joachim HYLDGAARD,1290.7,1300.2,9.5,3,PL,Playmaker,False,NORMAL,1.004,12,3.1666666666666665,NORMAL
2024-2025,Maja MAGNUSSEN,1200.0,1300.1,100.1,23,HF,Højre fløj,False,NORMAL,1.007,94,4.352173913043478,NORMAL
2024-2025,Mads LAURIDSEN,1291.6,1300.0,8.4,6,HF,Højre fløj,False,NORMAL,1.008,11,1.4000000000000001,NORMAL
2024-2025,Andreas HAAGEN,1288.1,1299.4,11.3,11,MV,Målvogter,True,NORMAL,1.0,85,1.0272727272727273,NORMAL
2024-2025,Hjalmar ANDERSEN,1200.0,1298.7,98.7,28,ST,Streg,False,NORMAL,1.006,108,3.525,NORMAL
2024-2025,Laura JENSEN,1200.0,1298.7,98.7,20,PL,Playmaker,False,NORMAL,1.01,123,4.9350000000000005,NORMAL
2024-2025,Isabella POULSEN,1274.3,1298.5,24.2,19,PL,Playmaker,False,NORMAL,1.004,36,1.2736842105263158,NORMAL
2024-2025,Cecilia HOVGAARD,1290.9,1298.3,7.4,2,HF,Højre fløj,False,NORMAL,1.004,12,3.7,NORMAL
2024-2025,Hans Lindeborg HOLST,1292.0,1298.1,6.1,4,VF,Venstre fløj,False,NORMAL,1.008,6,1.525,NORMAL
2024-2025,Frederik BAY,1283.3,1298.0,14.7,6,VF,Venstre fløj,False,NORMAL,1.003,18,2.4499999999999997,NORMAL
2024-2025,Sander HEIEREN,1270.3,1298.0,27.7,11,MV,Målvogter,True,NORMAL,1.001,177,2.518181818181818,NORMAL
2024-2025,Magnus Storgaard PEDERSEN,1291.4,1297.6,6.2,2,HF,Højre fløj,False,NORMAL,1.007,6,3.1,NORMAL
2024-2025,Daniel GULDSMED,1292.4,1297.5,5.1,2,ST,Streg,False,NORMAL,1.008,4,2.55,NORMAL
2024-2025,Anton HELLBERG,1296.6,1296.4,-0.2,1,MV,Målvogter,True,NORMAL,1.0,1,-0.2,NORMAL
2024-2025,Maiken SKOV,1200.0,1296.3,96.3,26,HF,Højre fløj,False,NORMAL,1.008,83,3.7038461538461536,NORMAL
2024-2025,Fredrik MOSSESTAD,1249.5,1296.2,46.7,20,HF,Højre fløj,False,NORMAL,1.007,54,2.335,NORMAL
2024-2025,Karen KLOKKER,1248.9,1296.0,47.1,26,ST,Streg,False,NORMAL,1.007,61,1.8115384615384615,NORMAL
2024-2025,Nickolei JENSEN,1291.3,1295.9,4.6,2,ST,Streg,False,NORMAL,1.007,4,2.3,NORMAL
2024-2025,Julie BJERREGAARD,1292.3,1295.7,3.4,2,VF,Venstre fløj,False,NORMAL,1.004,6,1.7,NORMAL
2024-2025,Magnus Storgaard PEDERSENAssist,1291.4,1295.0,3.6,2,HF,Højre fløj,False,NORMAL,1.007,3,1.8,NORMAL
2024-2025,Isabella MATHORNE,1291.1,1294.5,3.4,3,MV,Målvogter,True,NORMAL,1.006,4,1.1333333333333333,NORMAL
2024-2025,Malthe HEJSEL,1292.1,1294.5,2.4,2,PL,Playmaker,False,NORMAL,1.005,3,1.2,NORMAL
2024-2025,Kristian Krag ØRSTED,1200.0,1294.3,94.3,31,ST,Streg,False,NORMAL,1.008,108,3.041935483870968,NORMAL
2024-2025,Emil TONNESEN,1291.4,1294.2,2.8,1,PL,Playmaker,False,NORMAL,1.002,7,2.8,NORMAL
2024-2025,Stine ALMIND,1291.6,1294.0,2.4,2,MV,Målvogter,True,NORMAL,1.0,2,1.2,NORMAL
2024-2025,Simon OSTERSEN,1291.5,1293.9,2.4,2,PL,Playmaker,False,NORMAL,1.005,3,1.2,NORMAL
2024-2025,Frederik BØRM,1291.5,1293.9,2.4,3,ST,Streg,False,NORMAL,1.005,3,0.7999999999999999,NORMAL
2024-2025,Catharina BROCH,1291.1,1293.8,2.7,3,MV,Målvogter,True,NORMAL,1.004,4,0.9,NORMAL
2024-2025,Jacob Bro SØRENSEN,1291.7,1293.8,2.1,2,PL,Playmaker,False,NORMAL,1.0,2,1.05,NORMAL
2024-2025,Anne Katrine NOWAK,1291.7,1293.8,2.1,2,VB,Venstre back,False,NORMAL,1.004,3,1.05,NORMAL
2024-2025,Mathilde PIIL,1265.6,1293.7,28.1,18,VF,Venstre fløj,False,NORMAL,1.004,37,1.5611111111111111,NORMAL
2024-2025,Mads Emil MØLLER,1291.4,1292.9,1.5,1,ST,Streg,False,NORMAL,1.0,1,1.5,NORMAL
2024-2025,Linus PERSSON,1274.4,1292.8,18.4,11,HB,Højre back,False,NORMAL,1.005,23,1.6727272727272726,NORMAL
2024-2025,Johanne Lasthein ANDERSEN,1291.7,1292.6,0.9,1,VF,Venstre fløj,False,NORMAL,1.0,1,0.9,NORMAL
2024-2025,Silas OVERBY,1291.7,1292.6,0.9,1,VF,Venstre fløj,False,NORMAL,1.0,1,0.9,NORMAL
2024-2025,Anton HOUE,1291.3,1291.9,0.6,1,PL,Playmaker,False,NORMAL,1.0,1,0.6,NORMAL
2024-2025,Nora PERSSON,1291.1,1291.9,0.8,2,MV,Målvogter,True,NORMAL,1.0,2,0.4,NORMAL
2024-2025,Jens SVANE,1269.3,1291.8,22.5,10,PL,Playmaker,False,NORMAL,1.004,38,2.25,NORMAL
2024-2025,Faye JANSON,1288.9,1291.7,2.8,1,HF,Højre fløj,False,NORMAL,1.004,4,2.8,NORMAL
2024-2025,Mathilde BISGAARD,1291.2,1290.8,-0.4,1,MV,Målvogter,True,NORMAL,1.0,1,-0.4,NORMAL
2024-2025,Yara TEN HOLTE,1266.8,1290.3,23.5,13,MV,Målvogter,True,NORMAL,1.012,23,1.8076923076923077,NORMAL
2024-2025,Ida GÖTZSCHE,1262.2,1289.8,27.6,12,HF,Højre fløj,False,NORMAL,1.005,33,2.3000000000000003,NORMAL
2024-2025,Rakul WARDUM,1283.4,1287.9,4.5,2,MV,Målvogter,True,NORMAL,1.0,2,2.25,NORMAL
2024-2025,Christian WETCHE,1200.0,1287.6,87.6,11,MV,Målvogter,True,NORMAL,1.008,96,7.963636363636363,NORMAL
2024-2025,Frederik NIELSEN,1200.0,1287.4,87.4,27,ST,Streg,False,NORMAL,1.009,93,3.2370370370370374,NORMAL
2024-2025,Fabian NORSTEN,1286.6,1287.3,0.7,5,MV,Målvogter,True,NORMAL,1.004,45,0.13999999999999999,NORMAL
2024-2025,Jonas Kruse KRISTENSEN,1258.5,1286.4,27.9,18,PL,Playmaker,False,NORMAL,1.003,44,1.5499999999999998,NORMAL
2024-2025,Gustav SUNESEN,1275.4,1285.5,10.1,7,PL,Playmaker,False,NORMAL,1.005,11,1.4428571428571428,NORMAL
2024-2025,Julius STEN,1277.3,1285.4,8.1,8,MV,Målvogter,True,NORMAL,1.001,31,1.0125,NORMAL
2024-2025,Clara BAK,1279.1,1284.8,5.7,11,MV,Målvogter,True,NORMAL,0.998,20,0.5181818181818182,NORMAL
2024-2025,Ida-Marie DAHL,1200.0,1284.4,84.4,30,ST,Streg,True,NORMAL,1.008,104,2.8133333333333335,NORMAL
2024-2025,Mads KJELDGAARD,1200.0,1284.0,84.0,27,PL,Playmaker,False,NORMAL,1.003,124,3.111111111111111,NORMAL
2024-2025,Anton LINDSKOG,1254.7,1283.4,28.7,21,ST,Streg,False,NORMAL,1.007,31,1.3666666666666667,NORMAL
2024-2025,Ebbe STANKIEWICZ,1200.0,1283.4,83.4,26,HF,Højre fløj,False,NORMAL,1.005,86,3.207692307692308,NORMAL
2024-2025,Clara LERBY,1200.0,1283.3,83.3,25,VF,Venstre fløj,False,NORMAL,1.011,75,3.332,NORMAL
2024-2025,Mia LAGUMDZIJA,1200.0,1282.9,82.9,22,ST,Streg,False,NORMAL,1.007,106,3.7681818181818185,NORMAL
2024-2025,Patrick VOLZ,1200.0,1282.1,82.1,26,VF,Venstre fløj,False,NORMAL,1.005,83,3.1576923076923076,NORMAL
2024-2025,Frederikke GULMARK,1200.0,1280.8,80.8,28,PL,Playmaker,False,NORMAL,1.0,109,2.8857142857142857,NORMAL
2024-2025,Felix MÖLLER,1200.0,1280.8,80.8,32,ST,Streg,False,NORMAL,1.007,88,2.525,NORMAL
2024-2025,Henrik Toft HANSEN,1247.0,1280.6,33.6,24,ST,Streg,False,NORMAL,1.008,38,1.4000000000000001,NORMAL
2024-2025,William ANDERSSON MOBERG,1200.0,1279.5,79.5,25,PL,Playmaker,False,NORMAL,1.006,90,3.18,NORMAL
2024-2025,Sofie SCHELDE-RASMUSSEN,1273.0,1279.5,6.5,2,PL,Playmaker,False,NORMAL,1.005,12,3.25,NORMAL
2024-2025,Patrick WIESMACH,1243.0,1279.4,36.4,16,HF,Højre fløj,False,NORMAL,1.006,40,2.275,NORMAL
2024-2025,Frederik IVERSEN,1200.0,1279.2,79.2,30,VF,Venstre fløj,False,NORMAL,1.006,82,2.64,NORMAL
2024-2025,Emma ERNST,1238.1,1279.1,41.0,22,PL,Playmaker,False,NORMAL,1.005,54,1.8636363636363635,NORMAL
2024-2025,Romee MAARSCHALKEWEERD,1200.0,1279.0,79.0,29,ST,Streg,False,NORMAL,1.009,88,2.7241379310344827,NORMAL
2024-2025,Maja EDLING,1241.8,1276.5,34.7,20,VF,Venstre fløj,False,NORMAL,1.007,38,1.735,NORMAL
2024-2025,Smilla HEDE,1275.1,1276.2,1.1,2,PL,Playmaker,False,NORMAL,1.002,8,0.55,NORMAL
2024-2025,Emilie Ytting PEDERSEN,1200.0,1275.3,75.3,26,VF,Venstre fløj,False,NORMAL,1.007,75,2.896153846153846,NORMAL
2024-2025,Oliver LARSEN,1200.0,1273.6,73.6,6,MV,Målvogter,True,NORMAL,1.006,32,12.266666666666666,NORMAL
2024-2025,Mats GORDON,1265.3,1272.4,7.1,3,VF,Venstre fløj,False,NORMAL,1.006,7,2.3666666666666667,NORMAL
2024-2025,Majbritt Toft HANSEN,1271.2,1272.1,0.9,1,ST,Streg,False,NORMAL,1.0,2,0.9,NORMAL
2024-2025,Sune IVERSEN,1246.4,1270.8,24.4,11,VF,Venstre fløj,False,NORMAL,1.007,23,2.2181818181818183,NORMAL
2024-2025,Simon OOMS,1200.0,1270.4,70.4,25,ST,Streg,False,NORMAL,1.008,73,2.8160000000000003,NORMAL
2024-2025,Melina KRISTENSEN,1200.0,1270.3,70.3,22,HF,Højre fløj,False,NORMAL,1.006,73,3.1954545454545453,NORMAL
2024-2025,Karl WALLINIUS,1200.0,1270.0,70.0,19,PL,Playmaker,False,NORMAL,1.008,109,3.6842105263157894,NORMAL
2024-2025,Emilie YTTING,1249.6,1269.8,20.2,7,VF,Venstre fløj,False,NORMAL,1.01,17,2.8857142857142857,NORMAL
2024-2025,Frida Haug HOEL,1200.0,1268.7,68.7,28,HB,Højre back,False,NORMAL,1.006,123,2.4535714285714287,NORMAL
2024-2025,Sofia STENHOLT,1267.4,1268.3,0.9,2,PL,Playmaker,False,NORMAL,1.002,3,0.45,NORMAL
2024-2025,Laura THESTRUP,1250.7,1267.3,16.6,16,PL,Playmaker,False,NORMAL,1.001,41,1.0375,NORMAL
2024-2025,Victor ILSØE,1263.3,1266.9,3.6,1,HF,Højre fløj,False,NORMAL,1.0,2,3.6,NORMAL
2024-2025,Anders MARTINUSEN,1200.0,1266.6,66.6,20,PL,Playmaker,False,NORMAL,1.01,104,3.3299999999999996,NORMAL
2024-2025,Sara IBRANOVIC,1246.4,1266.5,20.1,14,VF,Venstre fløj,False,NORMAL,1.012,23,1.4357142857142857,NORMAL
2024-2025,Magnus HOLPERT,1262.4,1266.3,3.9,5,PL,Playmaker,False,NORMAL,1.004,6,0.78,NORMAL
2024-2025,Mette TRANBORG,1200.0,1265.4,65.4,25,HB,Højre back,False,NORMAL,1.007,99,2.616,NORMAL
2024-2025,Cecilie TERMANSEN,1200.0,1263.8,63.8,26,ST,Streg,False,NORMAL,1.005,76,2.4538461538461536,NORMAL
2024-2025,Rosa SCHMIDT,1200.0,1260.8,60.8,17,HF,Højre fløj,False,NORMAL,1.012,60,3.576470588235294,NORMAL
2024-2025,Mia EMMENEGGER,1200.0,1260.3,60.3,18,HF,Højre fløj,False,NORMAL,1.004,69,3.3499999999999996,NORMAL
2024-2025,Luciana REBELO,1250.8,1258.7,7.9,6,PL,Playmaker,False,NORMAL,1.003,12,1.3166666666666667,NORMAL
2024-2025,Oliver KLARSKOV,1246.2,1258.7,12.5,11,PL,Playmaker,False,NORMAL,1.003,17,1.1363636363636365,NORMAL
2024-2025,Anna Hviid BANG,1200.0,1257.9,57.9,24,PL,Playmaker,False,NORMAL,1.006,87,2.4125,NORMAL
2024-2025,Jakob VILLEMOES,1200.0,1256.5,56.5,27,HF,Højre fløj,False,NORMAL,1.014,54,2.0925925925925926,NORMAL
2024-2025,Line HAUGSTED,1200.0,1256.5,56.5,26,PL,Playmaker,False,NORMAL,1.005,80,2.173076923076923,NORMAL
2024-2025,Miguel MARTINS,1200.0,1255.9,55.9,19,PL,Playmaker,False,NORMAL,1.005,68,2.942105263157895,NORMAL
2024-2025,Léo MARTINEZ,1200.0,1255.9,55.9,24,PL,Playmaker,False,NORMAL,1.007,72,2.3291666666666666,NORMAL
2024-2025,Ragnhild DAHL,1200.0,1255.3,55.3,29,PL,Playmaker,False,NORMAL,1.006,119,1.9068965517241379,NORMAL
2024-2025,Ágúst BJÖRGVINSSON,1249.0,1255.2,6.2,11,MV,Målvogter,True,NORMAL,0.998,46,0.5636363636363636,NORMAL
2024-2025,Jamina ROBERTS,1200.0,1253.7,53.7,16,PL,Playmaker,False,NORMAL,1.005,63,3.35625,NORMAL
2024-2025,Zoë SPRENGERS,1200.0,1252.3,52.3,19,VF,Venstre fløj,False,NORMAL,1.004,52,2.7526315789473683,NORMAL
2024-2025,Sofie LUND,1238.7,1252.2,13.5,10,ST,Streg,False,NORMAL,1.007,16,1.35,NORMAL
2024-2025,Lasse VILHELMSEN,1200.0,1252.0,52.0,26,HF,Højre fløj,False,NORMAL,1.008,78,2.0,NORMAL
2024-2025,Frederik SKOVGAARD,1200.0,1251.5,51.5,3,MV,Målvogter,True,NORMAL,1.001,5,17.166666666666668,NORMAL
2024-2025,Rasmus Storm JENSEN,1200.0,1251.4,51.4,1,MV,Målvogter,True,NORMAL,1.003,39,51.4,NORMAL
2024-2025,Tobias KJÆRGAARD,1200.0,1249.8,49.8,1,MV,Målvogter,True,NORMAL,1.0,2,49.8,NORMAL
2024-2025,Rasmus MADSEN,1200.0,1248.9,48.9,28,HB,Højre back,False,NORMAL,1.006,86,1.7464285714285714,NORMAL
2024-2025,Jonas Capion JØRGENSEN,1200.0,1248.8,48.8,1,MV,Målvogter,True,NORMAL,1.0,2,48.8,NORMAL
2024-2025,Sarah DEKKER,1200.0,1248.6,48.6,20,HF,Højre fløj,False,NORMAL,1.012,59,2.43,NORMAL
2024-2025,Jesper DAHL,1200.0,1248.4,48.4,16,ST,Streg,False,NORMAL,1.005,52,3.025,NORMAL
2024-2025,Camilla THORHAUGE,1200.0,1248.1,48.1,19,ST,Streg,False,NORMAL,1.006,66,2.531578947368421,NORMAL
2024-2025,Helene FAUSKE,1200.0,1247.6,47.6,27,PL,Playmaker,False,NORMAL,1.003,103,1.762962962962963,NORMAL
2024-2025,Louise BURGAARD,1200.0,1247.3,47.3,23,ST,Streg,False,NORMAL,1.002,82,2.0565217391304347,NORMAL
2024-2025,Thomas THEILGAARD,1200.0,1246.7,46.7,25,HF,Højre fløj,False,NORMAL,1.01,52,1.868,NORMAL
2024-2025,Karine DAHLUM,1200.0,1246.6,46.6,23,HB,Højre back,False,NORMAL,1.003,82,2.026086956521739,NORMAL
2024-2025,Magnus KRONBORG,1200.0,1246.2,46.2,13,PL,Playmaker,False,NORMAL,1.003,77,3.553846153846154,NORMAL
2024-2025,Nicolai SKYTTE,1200.0,1245.0,45.0,22,PL,Playmaker,False,NORMAL,1.002,79,2.0454545454545454,NORMAL
2024-2025,Marianne HAUGSTED,1200.0,1244.2,44.2,24,PL,Playmaker,False,NORMAL,1.002,94,1.8416666666666668,NORMAL
2024-2025,Sven EHRIG,1200.0,1243.6,43.6,19,HF,Højre fløj,False,NORMAL,1.003,40,2.294736842105263,NORMAL
2024-2025,Lysa DEFO,1200.0,1242.8,42.8,23,ST,Streg,False,NORMAL,1.002,75,1.8608695652173912,NORMAL
2024-2025,Gabriel SETTERBLOM,1200.0,1242.4,42.4,21,PL,Playmaker,False,NORMAL,1.003,69,2.019047619047619,NORMAL
2024-2025,Andre Sindre AHO,1200.0,1242.1,42.1,12,ST,Streg,False,NORMAL,1.004,56,3.5083333333333333,NORMAL
2024-2025,Marlene DAHLMANN,1200.0,1241.5,41.5,19,HF,Højre fløj,False,NORMAL,1.007,44,2.1842105263157894,NORMAL
2024-2025,Martha NICKELSEN,1200.0,1239.3,39.3,23,ST,Streg,False,NORMAL,1.004,54,1.708695652173913,NORMAL
2024-2025,Merel FREDRIKS,1200.0,1239.0,39.0,17,ST,Streg,False,NORMAL,1.002,54,2.2941176470588234,NORMAL
2024-2025,Filippa NEDOVIC,1200.0,1237.8,37.8,18,ST,Streg,False,NORMAL,1.005,45,2.0999999999999996,NORMAL
2024-2025,Johanne GRAUGAARD,1200.0,1236.7,36.7,17,MV,Målvogter,True,NORMAL,1.011,30,2.158823529411765,NORMAL
2024-2025,Kasper PALMAR,1200.0,1236.7,36.7,13,HB,Højre back,False,NORMAL,1.004,61,2.8230769230769233,NORMAL
2024-2025,Sebastian BERTELSEN,1200.0,1232.0,32.0,12,HF,Højre fløj,False,NORMAL,1.005,33,2.6666666666666665,NORMAL
2024-2025,Tania Bilde KNUDSEN,1200.0,1231.3,31.3,8,HF,Højre fløj,False,NORMAL,1.005,32,3.9125,NORMAL
2024-2025,Jonas TIDEMAND,1200.0,1230.7,30.7,15,ST,Streg,False,NORMAL,1.007,34,2.0466666666666664,NORMAL
2024-2025,Fanny ELOVSSON,1200.0,1230.1,30.1,17,PL,Playmaker,False,NORMAL,1.004,64,1.7705882352941178,NORMAL
2024-2025,Sander SAGOSEN,1200.0,1230.0,30.0,10,PL,Playmaker,False,NORMAL,1.004,44,3.0,NORMAL
2024-2025,Axel ANDERSSON,1200.0,1229.6,29.6,17,VF,Venstre fløj,False,NORMAL,1.006,32,1.7411764705882353,NORMAL
2024-2025,Andrea HANSEN,1200.0,1229.2,29.2,13,HF,Højre fløj,False,NORMAL,1.012,29,2.246153846153846,NORMAL
2024-2025,Mirja LYNGSØ,1200.0,1228.5,28.5,15,ST,Streg,False,NORMAL,1.004,31,1.9,NORMAL
2024-2025,Rikke Dahl NIELSEN,1200.0,1226.5,26.5,18,ST,Streg,False,NORMAL,1.007,36,1.4722222222222223,NORMAL
2024-2025,Diogo SILVA,1200.0,1226.4,26.4,17,HB,Højre back,False,NORMAL,1.005,54,1.552941176470588,NORMAL
2024-2025,Bjarke NYBO,1200.0,1226.4,26.4,15,PL,Playmaker,False,NORMAL,1.004,51,1.76,NORMAL
2024-2025,Lasse SUNDE LID,1200.0,1226.3,26.3,16,HB,Højre back,False,NORMAL,1.005,37,1.64375,NORMAL
2024-2025,Suna HANSEN,1200.0,1224.5,24.5,15,PL,Playmaker,False,NORMAL,1.003,42,1.6333333333333333,NORMAL
2024-2025,Andreas AAGREEN,1200.0,1222.7,22.7,10,HF,Højre fløj,False,NORMAL,1.008,19,2.27,NORMAL
2024-2025,Nina KOPPANG,1200.0,1222.6,22.6,11,PL,Playmaker,False,NORMAL,1.001,38,2.0545454545454547,NORMAL
2024-2025,Magnus SADOVA,1200.0,1220.9,20.9,13,VF,Venstre fløj,False,NORMAL,1.006,24,1.6076923076923075,NORMAL
2024-2025,Frederik PEDERSEN,1200.0,1220.8,20.8,17,PL,Playmaker,False,NORMAL,1.004,31,1.223529411764706,NORMAL
2024-2025,Judith VAN DER HELM,1200.0,1220.8,20.8,16,PL,Playmaker,False,NORMAL,1.004,48,1.3,NORMAL
2024-2025,Malthe BULL,1200.0,1219.4,19.4,10,HF,Højre fløj,False,NORMAL,1.006,16,1.94,NORMAL
2024-2025,Assar KAMMENHED,1200.0,1219.2,19.2,16,HB,Højre back,False,NORMAL,1.002,27,1.2,NORMAL
2024-2025,Anne HYKKELBJERG,1200.0,1219.1,19.1,12,ST,Streg,False,NORMAL,1.008,23,1.5916666666666668,NORMAL
2024-2025,Frank MIKKELSEN,1200.0,1218.7,18.7,7,MV,Målvogter,True,NORMAL,1.007,40,2.6714285714285713,NORMAL
2024-2025,Astrid LESLIE,1200.0,1218.4,18.4,10,PL,Playmaker,False,NORMAL,1.002,30,1.8399999999999999,NORMAL
2024-2025,Annika Solberg DALSAGER,1200.0,1217.8,17.8,16,PL,Playmaker,False,NORMAL,1.005,33,1.1125,NORMAL
2024-2025,Ane HØGSETH,1200.0,1217.3,17.3,12,ST,Streg,False,NORMAL,1.004,25,1.4416666666666667,NORMAL
2024-2025,Sarah Aaberg IVERSEN,1200.0,1217.3,17.3,8,ST,Streg,False,NORMAL,1.003,28,2.1625,NORMAL
2024-2025,Laura Galle HANSEN,1200.0,1216.0,16.0,9,HF,Højre fløj,False,NORMAL,1.01,19,1.7777777777777777,NORMAL
2024-2025,Sebastian ØRUM,1200.0,1215.7,15.7,12,ST,Streg,False,NORMAL,1.006,16,1.3083333333333333,NORMAL
2024-2025,Sidsel MYGIL MATTESEN,1200.0,1214.9,14.9,8,VF,Venstre fløj,False,NORMAL,1.007,20,1.8625,NORMAL
2024-2025,Gudmundur Bragi ASTPARSSON,1200.0,1213.9,13.9,11,PL,Playmaker,False,NORMAL,1.006,22,1.2636363636363637,NORMAL
2024-2025,Sofie BÖRJESSON,1200.0,1213.4,13.4,10,MV,Målvogter,True,NORMAL,1.01,12,1.34,NORMAL
2024-2025,Emilie Nørgaard BECH,1200.0,1213.3,13.3,6,HF,Højre fløj,False,NORMAL,1.003,17,2.216666666666667,NORMAL
2024-2025,Mads KRAGH THOMSEN,1200.0,1212.4,12.4,10,ST,Streg,False,NORMAL,1.009,14,1.24,NORMAL
2024-2025,Karoline FAHLBERG,1200.0,1211.6,11.6,10,PL,Playmaker,False,NORMAL,1.002,19,1.16,NORMAL
2024-2025,Rolf RAVN,1200.0,1211.5,11.5,8,ST,Streg,False,NORMAL,1.005,13,1.4375,NORMAL
2024-2025,Nanna Skovmose VINTHER,1200.0,1211.4,11.4,6,HF,Højre fløj,False,NORMAL,1.005,17,1.9000000000000001,NORMAL
2024-2025,Simon KIRKEGAARD,1200.0,1210.9,10.9,8,HF,Højre fløj,False,NORMAL,1.005,10,1.3625,NORMAL
2024-2025,Elma ÖRTEMARK,1200.0,1210.5,10.5,13,PL,Playmaker,False,NORMAL,1.005,21,0.8076923076923077,NORMAL
2024-2025,Alma SKRETTING,1200.0,1210.1,10.1,12,ST,Streg,False,NORMAL,1.007,14,0.8416666666666667,NORMAL
2024-2025,Julie RASMUSSEN,1200.0,1209.9,9.9,2,HF,Højre fløj,False,NORMAL,1.0,17,4.95,NORMAL
2024-2025,Nicklas Bjørn VASSVIK,1200.0,1209.5,9.5,5,ST,Streg,False,NORMAL,1.009,8,1.9,NORMAL
2024-2025,Maria JACOBSEN,1200.0,1209.5,9.5,8,ST,Streg,False,NORMAL,1.005,12,1.1875,NORMAL
2024-2025,Frederik JÆGERUM,1200.0,1209.1,9.1,5,VF,Venstre fløj,False,NORMAL,1.01,6,1.8199999999999998,NORMAL
2024-2025,Kalidiatou NIAKATE,1200.0,1208.9,8.9,6,PL,Playmaker,False,NORMAL,1.004,15,1.4833333333333334,NORMAL
2024-2025,Tonje LØSETH,1200.0,1208.9,8.9,5,ST,Streg,False,NORMAL,1.007,7,1.78,NORMAL
2024-2025,Lin JOHANNSEN,1200.0,1208.6,8.6,9,VF,Venstre fløj,False,NORMAL,1.004,16,0.9555555555555555,NORMAL
2024-2025,Aimée VON PEREIRA,1200.0,1207.8,7.8,10,PL,Playmaker,False,NORMAL,1.004,11,0.78,NORMAL
2024-2025,Majken Hedegaard NIELSEN,1200.0,1207.6,7.6,8,VF,Venstre fløj,False,NORMAL,1.003,16,0.95,NORMAL
2024-2025,Dines KJELDGAARD,1200.0,1207.4,7.4,7,HB,Højre back,False,NORMAL,1.003,14,1.0571428571428572,NORMAL
2024-2025,Tobias ELLEBÆK,1200.0,1207.1,7.1,4,PL,Playmaker,False,NORMAL,1.005,12,1.775,NORMAL
2024-2025,Nanna RASMUSSEN,1200.0,1207.0,7.0,2,ST,Streg,False,NORMAL,1.005,8,3.5,NORMAL
2024-2025,Clara Bro VEILGAARD,1200.0,1206.9,6.9,2,HF,Højre fløj,False,NORMAL,1.009,5,3.45,NORMAL
2024-2025,Annika FRIDHEIM,1200.0,1206.5,6.5,4,MV,Målvogter,True,NORMAL,1.01,4,1.625,NORMAL
2024-2025,Mathias KRAGH,1200.0,1206.1,6.1,4,VF,Venstre fløj,False,NORMAL,1.008,5,1.525,NORMAL
2024-2025,Gudmundur Bragi ASTPARSSON1,1200.0,1206.0,6.0,2,ST,Streg,False,NORMAL,1.011,4,3.0,NORMAL
2024-2025,Peter JOHANNESSON,1200.0,1205.8,5.8,9,MV,Målvogter,True,NORMAL,1.003,12,0.6444444444444444,NORMAL
2024-2025,Tea HEIN,1200.0,1205.8,5.8,2,PL,Playmaker,False,NORMAL,1.003,13,2.9,NORMAL
2024-2025,Stine EIBERG,1200.0,1205.6,5.6,2,ST,Streg,False,NORMAL,1.009,4,2.8,NORMAL
2024-2025,Jonathan SØRENSEN,1200.0,1205.6,5.6,3,HF,Højre fløj,False,NORMAL,1.007,5,1.8666666666666665,NORMAL
2024-2025,Jens Dolberg PLOUGSTRUP,1200.0,1205.5,5.5,3,PL,Playmaker,False,NORMAL,1.002,11,1.8333333333333333,NORMAL
2024-2025,William ANDERSSON MOBERG64,1200.0,1205.4,5.4,1,ST,Streg,False,NORMAL,1.011,3,5.4,NORMAL
2024-2025,Elin THORSTEINSDOTTIR,1200.0,1205.3,5.3,4,MV,Målvogter,True,NORMAL,1.004,6,1.325,NORMAL
2024-2025,Andreas NIELSEN,1200.0,1205.3,5.3,4,ST,Streg,False,NORMAL,1.006,5,1.325,NORMAL
2024-2025,Mathilde TROELSEN,1200.0,1205.2,5.2,2,PL,Playmaker,False,NORMAL,1.003,10,2.6,NORMAL
2024-2025,Mads HOÉ JØRGENSEN,1200.0,1205.1,5.1,4,PL,Playmaker,False,NORMAL,1.004,8,1.275,NORMAL
2024-2025,Stephanie ANDERSEN,1200.0,1205.0,5.0,8,MV,Målvogter,True,NORMAL,1.001,8,0.625,NORMAL
2024-2025,Daniel JØRGENSEN,1200.0,1204.9,4.9,3,HF,Højre fløj,False,NORMAL,1.004,6,1.6333333333333335,NORMAL
2024-2025,Liv SVEINBJØRNSDÓTTIR,1200.0,1204.8,4.8,4,HF,Højre fløj,False,NORMAL,1.004,7,1.2,NORMAL
2024-2025,Kasper PEDERSEN,1200.0,1204.6,4.6,4,ST,Streg,False,NORMAL,1.006,5,1.15,NORMAL
2024-2025,Andrea Nørklit JØRGENSEN,1200.0,1204.5,4.5,1,MV,Målvogter,True,NORMAL,1.009,3,4.5,NORMAL
2024-2025,Lucas REHFUS,1200.0,1204.5,4.5,5,VB,Venstre back,False,NORMAL,1.006,6,0.9,NORMAL
2024-2025,Sofie LASSEN,1200.0,1204.2,4.2,8,PL,Playmaker,True,NORMAL,1.002,9,0.525,NORMAL
2024-2025,Julie Vibe SEEBERG,1200.0,1204.2,4.2,3,ST,Streg,False,NORMAL,1.007,4,1.4000000000000001,NORMAL
2024-2025,Josephine NORDSTRØM,1200.0,1203.9,3.9,3,MV,Målvogter,True,NORMAL,1.008,4,1.3,NORMAL
2024-2025,Simon Sejer KRISTENSEN,1200.0,1203.7,3.7,2,VF,Venstre fløj,False,NORMAL,1.006,4,1.85,NORMAL
2024-2025,Marius Malthesen HIORTH,1200.0,1203.7,3.7,1,ST,Streg,False,NORMAL,1.004,6,3.7,NORMAL
2024-2025,William ANDERSSON MOBERG12,1200.0,1203.6,3.6,2,ST,Streg,False,NORMAL,1.006,4,1.8,NORMAL
2024-2025,Christoffer LANGERHUUS,1200.0,1203.5,3.5,2,ST,Streg,False,NORMAL,1.004,5,1.75,NORMAL
2024-2025,William ANDERSSON MOBERG1,1200.0,1203.5,3.5,3,VF,Venstre fløj,False,NORMAL,1.007,3,1.1666666666666667,NORMAL
2024-2025,Simo ŠIJAN,1200.0,1203.5,3.5,3,PL,Playmaker,False,NORMAL,1.003,7,1.1666666666666667,NORMAL
2024-2025,Filippa NYMAN,1200.0,1203.4,3.4,2,ST,Streg,False,NORMAL,1.005,4,1.7,NORMAL
2024-2025,Freja GANDRUP ERNST,1200.0,1203.4,3.4,5,PL,Playmaker,False,NORMAL,1.002,11,0.6799999999999999,NORMAL
2024-2025,Mathias MAILAND,1200.0,1203.2,3.2,5,PL,Playmaker,False,NORMAL,1.004,7,0.64,NORMAL
2024-2025,Martin NAGY,1200.0,1203.2,3.2,1,MV,Målvogter,True,NORMAL,1.0,1,3.2,NORMAL
2024-2025,Emil Darling SØRENSEN,1200.0,1203.2,3.2,3,PL,Playmaker,False,NORMAL,1.004,8,1.0666666666666667,NORMAL
2024-2025,Viktor AHLSTRAND,1200.0,1203.0,3.0,2,PL,Playmaker,False,NORMAL,1.003,7,1.5,NORMAL
2024-2025,Patrick MØLGAARD,1200.0,1203.0,3.0,1,VF,Venstre fløj,False,NORMAL,1.0,2,3.0,NORMAL
2024-2025,Agnes HVIDSTEEN,1200.0,1202.8,2.8,4,ST,Streg,False,NORMAL,1.004,4,0.7,NORMAL
2024-2025,Jeppe BANGSHØI,1200.0,1202.7,2.7,3,VF,Venstre fløj,False,NORMAL,1.005,3,0.9,NORMAL
2024-2025,Magnus BOYSEN,1200.0,1202.6,2.6,1,PL,Playmaker,False,NORMAL,1.006,3,2.6,NORMAL
2024-2025,Sofie MØLLER,1200.0,1202.6,2.6,2,ST,Streg,False,NORMAL,1.0,2,1.3,NORMAL
2024-2025,Nathalie RASMUSSEN,1200.0,1202.6,2.6,2,VF,Venstre fløj,False,NORMAL,1.004,4,1.3,NORMAL
2024-2025,Oscar LYKKE,1200.0,1202.5,2.5,3,VB,Venstre back,False,NORMAL,1.004,4,0.8333333333333334,NORMAL
2024-2025,Julie Boendorf JOHANSEN,1200.0,1202.3,2.3,1,VF,Venstre fløj,False,NORMAL,1.0,2,2.3,NORMAL
2024-2025,Kasper Dahl JACOBSEN,1200.0,1202.3,2.3,1,VF,Venstre fløj,False,NORMAL,1.0,2,2.3,NORMAL
2024-2025,Anne Dolberg PLOUGSTRUP,1200.0,1202.2,2.2,3,PL,Playmaker,False,NORMAL,1.001,8,0.7333333333333334,NORMAL
2024-2025,Laura SKOVHUS,1200.0,1202.0,2.0,1,ST,Streg,False,NORMAL,1.0,1,2.0,NORMAL
2024-2025,Emil HANSEN,1200.0,1202.0,2.0,3,PL,Playmaker,False,NORMAL,1.003,4,0.6666666666666666,NORMAL
2024-2025,Amandus VATNEDAL,1200.0,1202.0,2.0,1,PL,Playmaker,False,NORMAL,1.003,4,2.0,NORMAL
2024-2025,Arnór VIÐARSSON,1200.0,1202.0,2.0,3,PL,Playmaker,False,NORMAL,1.004,3,0.6666666666666666,NORMAL
2024-2025,Ditte TOKKESDAL,1200.0,1201.8,1.8,2,PL,Playmaker,False,NORMAL,1.004,3,0.9,NORMAL
2024-2025,Krister Skarsvaag MIDTFLÅ,1200.0,1201.8,1.8,1,ST,Streg,False,NORMAL,1.0,2,1.8,NORMAL
2024-2025,Emma Skipper JENSEN,1200.0,1201.8,1.8,1,ST,Streg,False,NORMAL,1.004,3,1.8,NORMAL
2024-2025,Rasmus SANDHOLM,1200.0,1201.7,1.7,2,PL,Playmaker,False,NORMAL,1.0,2,0.85,NORMAL
2024-2025,Mikkel PREHN,1200.0,1201.7,1.7,2,ST,Streg,False,NORMAL,1.002,4,0.85,NORMAL
2024-2025,Andreas Julin BOCK,1200.0,1201.6,1.6,1,VF,Venstre fløj,False,NORMAL,1.0,2,1.6,NORMAL
2024-2025,Lina Thorstein LÜTZHØFT,1200.0,1201.5,1.5,2,ST,Streg,False,NORMAL,1.003,3,0.75,NORMAL
2024-2025,Anna Mathilde Nordvig HANSEN,1200.0,1201.4,1.4,2,HB,Højre back,False,NORMAL,1.001,7,0.7,NORMAL
2024-2025,Nikolaj Haagen PYTLICK,1200.0,1201.4,1.4,1,PL,Playmaker,False,NORMAL,1.0,2,1.4,NORMAL
2024-2025,Zenia Hald MADSEN,1200.0,1201.4,1.4,1,MV,Målvogter,True,NORMAL,1.0,1,1.4,NORMAL
2024-2025,Mia Lægsgaard DEGN,1200.0,1201.3,1.3,2,HF,Højre fløj,False,NORMAL,1.002,4,0.65,NORMAL
2024-2025,William ANDERSSON MOBERG16,1200.0,1201.3,1.3,1,ST,Streg,False,NORMAL,1.0,1,1.3,NORMAL
2024-2025,Louise HAANDBÆK,1200.0,1201.2,1.2,1,VF,Venstre fløj,False,NORMAL,1.0,1,1.2,NORMAL
2024-2025,Chanelle BODIN,1200.0,1201.1,1.1,1,ST,Streg,False,NORMAL,1.0,1,1.1,NORMAL
2024-2025,Frederik Nygård JESPERSEN,1200.0,1201.1,1.1,1,ST,Streg,False,NORMAL,1.0,1,1.1,NORMAL
2024-2025,Clara Mendgaard SØRENSEN,1200.0,1201.0,1.0,1,VB,Venstre back,False,NORMAL,1.0,2,1.0,NORMAL
2024-2025,Christoffer MÛNSTER,1200.0,1201.0,1.0,1,HF,Højre fløj,False,NORMAL,1.0,2,1.0,NORMAL
2024-2025,Jon Isak HALLDORSSON,1200.0,1201.0,1.0,2,VB,Venstre back,False,NORMAL,1.0,2,0.5,NORMAL
2024-2025,Cecilie Frydendahl NØRSKOV,1200.0,1200.9,0.9,2,PL,Playmaker,False,NORMAL,1.002,3,0.45,NORMAL
2024-2025,Emilie SCHLEICHER,1200.0,1200.9,0.9,3,ST,Streg,False,NORMAL,1.002,3,0.3,NORMAL
2024-2025,Retur,1200.0,1200.9,0.9,1,HB,Højre back,False,NORMAL,1.0,1,0.9,NORMAL
2024-2025,Rasmus WINTHER,1200.0,1200.9,0.9,1,HF,Højre fløj,False,NORMAL,1.0,1,0.9,NORMAL
2024-2025,William ANDERSSON MOBERGAssist,1200.0,1200.9,0.9,1,PL,Playmaker,False,NORMAL,1.0,1,0.9,NORMAL
2024-2025,Leo MARTINÉZ,1200.0,1200.9,0.9,2,ST,Streg,False,NORMAL,1.0,2,0.45,NORMAL
2024-2025,Katrine LUNDE,1200.0,1200.9,0.9,2,MV,Målvogter,True,NORMAL,1.0,2,0.45,NORMAL
2024-2025,Mikkel Søndergaard HELQVISTAssist,1200.0,1200.8,0.8,1,HF,Højre fløj,False,NORMAL,1.0,1,0.8,NORMAL
2024-2025,Frida JOHANNESEN,1200.0,1200.8,0.8,1,HF,Højre fløj,False,NORMAL,1.0,1,0.8,NORMAL
2024-2025,Dicte Sønderskov ANDERSEN,1200.0,1200.8,0.8,1,PL,Playmaker,False,NORMAL,1.0,2,0.8,NORMAL
2024-2025,Andrea AUSTMO,1200.0,1200.8,0.8,4,MV,Målvogter,True,NORMAL,1.001,4,0.2,NORMAL
2024-2025,Meret OSSENKOPP,1200.0,1200.8,0.8,1,HF,Højre fløj,False,NORMAL,1.0,1,0.8,NORMAL
2024-2025,Sofie SCHELDE-RASMUSSEN12,1200.0,1200.8,0.8,1,ST,Streg,False,NORMAL,1.0,1,0.8,NORMAL
2024-2025,Nicoline Kjær NIELSEN,1200.0,1200.7,0.7,2,HF,Højre fløj,False,NORMAL,1.0,2,0.35,NORMAL
2024-2025,Mads JØRGENSEN,1200.0,1200.6,0.6,1,PL,Playmaker,False,NORMAL,1.0,1,0.6,NORMAL
2024-2025,Oscar HANSEN,1200.0,1200.5,0.5,1,HB,Højre back,False,NORMAL,1.0,1,0.5,NORMAL
2024-2025,Andreas Tesgaard NIELSEN,1200.0,1200.5,0.5,1,VB,Venstre back,False,NORMAL,1.001,6,0.5,NORMAL
2024-2025,Laura SCHYTZ,1200.0,1200.4,0.4,1,VB,Venstre back,False,NORMAL,1.0,1,0.4,NORMAL
2024-2025,Caroline KOTTAL CLAUSEN,1200.0,1200.4,0.4,1,HF,Højre fløj,False,NORMAL,1.0,1,0.4,NORMAL
2024-2025,Sidsel Mygil MATTESEN,1200.0,1200.4,0.4,2,HF,Højre fløj,False,NORMAL,1.001,3,0.2,NORMAL
2024-2025,Tobias Vestergaard BRANDT,1200.0,1200.4,0.4,1,PL,Playmaker,False,NORMAL,1.0,1,0.4,NORMAL
2024-2025,Kristoffer JESSEN,1200.0,1200.3,0.3,3,VB,Venstre back,False,NORMAL,1.0,4,0.09999999999999999,NORMAL
2024-2025,Andrew WISMAN,1200.0,1200.2,0.2,1,PL,Playmaker,False,NORMAL,1.0,2,0.2,NORMAL
2024-2025,Ellen WEBER,1200.0,1200.2,0.2,2,HF,Højre fløj,False,NORMAL,1.001,4,0.1,NORMAL
2024-2025,Jacob KÜHNE,1200.0,1199.9,-0.1,1,PL,Playmaker,False,NORMAL,1.0,1,-0.1,NORMAL
2024-2025,Gustav PETERSEN,1200.0,1199.9,-0.1,1,PL,Playmaker,False,NORMAL,1.0,1,-0.1,NORMAL
